T1,picks,trades,day_ret_pct,equity,trades_detail
2026-01-06,2,1,0.84,1.0084,002555.SZ:+0.84
2026-01-07,2,0,0.0,1.0084,
2026-01-08,3,3,-2.9599,0.978552,600266.SH:-6.60 600435.SH:-3.87 603011.SH:+1.59
2026-01-09,4,2,4.3639,1.021255,001400.SZ:+9.83 002297.SZ:-1.11
2026-01-12,2,1,-5.4229,0.965874,001400.SZ:-5.42
2026-01-13,2,0,0.0,0.965874,
2026-01-14,3,1,-1.5438,0.950963,603799.SH:-1.54
2026-01-15,4,1,-2.9487,0.922921,002027.SZ:-2.95
2026-01-16,3,1,7.8481,0.995353,002156.SZ:+7.85
2026-01-19,3,1,5.8496,1.053577,002339.SZ:+5.85
2026-01-20,4,3,-2.9831,1.022148,002339.SZ:-3.84 002389.SZ:-4.00 002738.SZ:-1.11
2026-01-21,4,2,3.1368,1.054211,002354.SZ:-0.94 601616.SH:+7.22
2026-01-22,2,0,0.0,1.054211,
2026-01-23,4,1,0.2436,1.056779,601608.SH:+0.24
2026-01-26,2,0,0.0,1.056779,
2026-01-27,3,2,1.36,1.071151,000603.SZ:+7.56 002192.SZ:-4.84
2026-01-28,3,2,-2.0148,1.049569,002077.SZ:-0.06 003031.SZ:-3.97
2026-01-29,3,1,-4.0665,1.006889,002171.SZ:-4.07
2026-01-30,3,0,0.0,1.006889,
2026-02-02,3,3,-4.4513,0.962069,002137.SZ:-4.41 003031.SZ:-4.00 601208.SH:-4.94
2026-02-03,3,2,-0.6288,0.956019,600959.SH:+2.81 601616.SH:-4.07
2026-02-04,4,3,1.5901,0.971221,002506.SZ:+9.88 600266.SH:-5.83 601877.SH:+0.71
2026-02-05,4,3,-1.6029,0.955653,002080.SZ:-4.00 600188.SH:+1.11 600938.SH:-1.92
2026-02-06,3,2,2.605,0.980548,600977.SH:+4.61 603103.SH:+0.60
2026-02-09,4,2,0.8907,0.989281,002497.SZ:+0.39 605488.SH:+1.39
2026-02-10,2,1,-1.0558,0.978836,002534.SZ:-1.06
2026-02-11,4,1,1.7487,0.995953,600410.SH:+1.75
2026-02-12,3,2,1.5588,1.011479,002378.SZ:+7.12 600586.SH:-4.00
2026-02-13,3,1,4.9803,1.061854,603667.SH:+4.98
2026-02-24,1,0,0.0,1.061854,
2026-02-25,2,0,0.0,1.061854,
2026-02-26,2,1,-3.7356,1.022187,000545.SZ:-3.74
2026-02-27,4,3,3.7436,1.060454,001400.SZ:+2.38 002703.SZ:-1.15 600549.SH:+10.00
2026-03-02,2,2,0.8104,1.069048,002182.SZ:+4.86 600744.SH:-3.24
2026-03-03,3,2,0.6089,1.075557,603077.SH:-4.97 603353.SH:+6.19
2026-03-04,3,2,0.4153,1.080024,000968.SZ:-4.56 601619.SH:+5.39
2026-03-05,3,3,3.2099,1.114692,002339.SZ:+5.75 601877.SH:+1.87 603530.SH:+2.01
2026-03-06,4,3,2.4715,1.142242,002339.SZ:+0.85 002364.SZ:+7.09 600869.SH:-0.52
2026-03-09,4,2,3.9696,1.187585,000792.SZ:+4.27 605286.SH:+3.67
2026-03-10,3,1,7.561,1.277378,002575.SZ:+7.56
2026-03-11,4,4,-1.6732,1.256005,000636.SZ:-2.05 002025.SZ:-3.76 600105.SH:+0.96 603017.SH:-1.83
2026-03-12,3,3,2.1342,1.282811,600105.SH:-4.00 601868.SH:+7.95 603757.SH:+2.45
2026-03-13,3,2,1.3905,1.300648,000875.SZ:+0.63 605305.SH:+2.15
2026-03-16,3,1,-6.396,1.217458,600426.SH:-6.40
2026-03-17,3,3,-2.5371,1.18657,000839.SZ:-2.44 600667.SH:+0.78 600703.SH:-5.95
2026-03-18,3,2,-3.7693,1.141844,002150.SZ:-3.39 002459.SZ:-4.15
2026-03-19,4,2,-1.238,1.127708,601991.SH:-3.02 603316.SH:+0.54
2026-03-20,3,2,-2.8354,1.095733,000815.SZ:-2.67 600666.SH:-3.00
2026-03-23,3,1,-1.0695,1.084014,600157.SH:-1.07
2026-03-24,3,2,-1.7262,1.065302,002487.SZ:+0.04 600376.SH:-3.49
2026-03-25,2,1,7.6368,1.146657,601606.SH:+7.64
2026-03-26,2,1,-3.2182,1.109755,000601.SZ:-3.22
2026-03-27,3,2,-0.4749,1.104485,000037.SZ:-3.00 601991.SH:+2.05
2026-03-30,2,1,-3.8514,1.061946,000695.SZ:-3.85
2026-03-31,4,1,5.01,1.11515,600488.SH:+5.01
2026-04-01,3,1,-4.0,1.070544,002181.SZ:-4.00
2026-04-02,4,2,-4.0,1.027722,002281.SZ:-4.00 600988.SH:-4.00
2026-04-03,3,3,-1.0495,1.016936,000788.SZ:-3.65 002756.SZ:-1.75 603222.SH:+2.25
2026-04-07,3,1,-1.1111,1.005636,002902.SZ:-1.11
2026-04-08,2,1,-1.3182,0.99238,603260.SH:-1.32
2026-04-09,4,2,-2.6561,0.966022,000070.SZ:-4.00 000688.SZ:-1.31
2026-04-10,3,1,5.1554,1.015824,603256.SH:+5.16
2026-04-13,4,0,0.0,1.015824,
2026-04-14,4,2,0.9744,1.025722,000815.SZ:+1.26 002439.SZ:+0.69
2026-04-15,4,2,-3.3087,0.991784,000620.SZ:-3.00 603308.SH:-3.62
2026-04-16,3,2,-0.5189,0.986638,000338.SZ:+2.32 600267.SH:-3.35
2026-04-17,2,2,0.8944,0.995462,600768.SH:+1.42 605060.SH:+0.37
2026-04-20,4,2,4.3769,1.039032,600156.SH:+9.81 600563.SH:-1.05
2026-04-21,2,1,-4.2293,0.995088,600707.SH:-4.23
2026-04-22,3,2,-0.8023,0.987105,601778.SH:+1.40 603017.SH:-3.00
2026-04-23,4,4,-0.0545,0.986566,000973.SZ:-4.68 002796.SZ:-4.71 601179.SH:+0.33 603618.SH:+8.84
2026-04-24,3,2,0.7094,0.993565,000155.SZ:+5.18 603618.SH:-3.77
2026-04-27,3,2,-1.6773,0.9769,000408.SZ:-0.35 603967.SH:-3.00
2026-04-28,3,3,-0.1145,0.975781,001309.SZ:-0.11 002115.SZ:+1.52 002134.SZ:-1.76
2026-04-29,3,2,2.4842,1.000021,600188.SH:+7.97 601828.SH:-3.00
2026-04-30,4,3,3.2155,1.032176,000551.SZ:+2.26 600989.SH:-2.54 605376.SH:+9.92
2026-05-06,4,2,2.5005,1.057986,002645.SZ:-0.58 603308.SH:+5.58
2026-05-07,2,2,5.4693,1.11585,001309.SZ:+2.24 603316.SH:+8.70
2026-05-08,2,1,0.8927,1.125811,002903.SZ:+0.89
2026-05-11,2,1,-4.4944,1.075213,600936.SH:-4.49
2026-05-12,2,1,-5.963,1.011098,600748.SH:-5.96
2026-05-13,3,3,1.3203,1.024447,601016.SH:+9.96 603331.SH:-3.00 603895.SH:-3.00
2026-05-14,2,0,0.0,1.024447,
2026-05-15,3,1,-1.5559,1.008508,002973.SZ:-1.56
2026-05-18,3,1,3.6014,1.044829,600367.SH:+3.60
2026-05-19,4,2,5.2623,1.099811,002272.SZ:+9.25 603005.SH:+1.27
2026-05-20,2,1,-6.4261,1.029136,603206.SH:-6.43
2026-05-21,3,2,-4.703,0.980736,002957.SZ:-4.00 603316.SH:-5.41
2026-05-22,3,1,-4.0,0.941506,000559.SZ:-4.00
2026-05-25,4,3,1.1848,0.952662,002654.SZ:-0.96 600580.SH:+3.21 605006.SH:+1.31
2026-05-26,3,1,-4.0,0.914555,002222.SZ:-4.00
2026-05-27,3,1,3.4137,0.945775,000767.SZ:+3.41
2026-05-28,3,3,-1.9348,0.927476,000892.SZ:-4.69 002922.SZ:+1.66 600758.SH:-2.77
2026-05-29,4,3,1.3697,0.94018,002015.SZ:+1.26 600601.SH:+2.44 603861.SH:+0.41
2026-06-01,3,1,-4.1774,0.900904,000966.SZ:-4.18
2026-06-02,2,1,-3.6062,0.868415,002229.SZ:-3.61
2026-06-03,3,1,2.1726,0.887283,002636.SZ:+2.17
2026-06-04,3,1,1.7867,0.903136,600460.SH:+1.79
2026-06-05,3,2,-3.539,0.871175,002590.SZ:-3.08 601101.SH:-4.00
2026-06-08,4,1,-4.6982,0.830245,603135.SH:-4.70
2026-06-09,3,0,0.0,0.830245,
2026-06-10,4,3,-0.2089,0.828511,001696.SZ:+5.77 002436.SZ:-4.10 603211.SH:-2.30
2026-06-11,3,1,-4.0,0.795371,002741.SZ:-4.00
2026-06-12,3,1,5.5091,0.839188,002971.SZ:+5.51
2026-06-15,3,2,0.8335,0.846183,000099.SZ:-3.22 002125.SZ:+4.89
2026-06-16,2,1,2.7903,0.869794,600237.SH:+2.79
2026-06-17,4,3,2.147,0.888468,002552.SZ:-3.10 603186.SH:+5.43 605358.SH:+4.11
2026-06-18,3,3,-1.5903,0.874339,002106.SZ:-3.39 002906.SZ:-1.75 603228.SH:+0.37
2026-06-22,3,1,1.4311,0.886851,600563.SH:+1.43
2026-06-23,2,0,0.0,0.886851,
2026-06-24,3,1,-4.0552,0.850888,600246.SH:-4.06
2026-06-25,3,3,-0.8329,0.843801,000566.SZ:-7.14 002579.SZ:+10.02 603386.SH:-5.38
2026-06-26,3,1,-4.7473,0.803743,002254.SZ:-4.75
2026-06-29,3,3,4.7584,0.841988,002129.SZ:+2.18 600343.SH:+2.45 600707.SH:+9.64
2026-06-30,3,2,4.1797,0.877181,002653.SZ:+4.57 603115.SH:+3.79
2026-07-01,2,2,4.6802,0.918235,002779.SZ:+3.59 003043.SZ:+5.77
2026-07-02,2,2,-1.3716,0.90564,000795.SZ:+1.89 600845.SH:-4.63
2026-07-03,3,3,0.7903,0.912797,000566.SZ:-5.81 002536.SZ:+8.98 603416.SH:-0.80
2026-07-06,4,2,3.42,0.944015,002272.SZ:-2.06 603268.SH:+8.90
2026-07-07,2,0,0.0,0.944015,
2026-07-08,1,1,0.894,0.952455,002049.SZ:+0.89
2026-07-09,3,3,0.3457,0.955747,002415.SZ:+3.03 002467.SZ:-3.21 603496.SH:+1.22
2026-07-10,4,2,-3.6818,0.920558,600601.SH:-5.36 603690.SH:-2.00
2026-07-13,4,2,4.6789,0.96363,600428.SH:+7.32 603268.SH:+2.04
2026-07-14,3,2,6.7073,1.028263,600664.SH:+7.37 603259.SH:+6.05
2026-07-15,3,2,6.562,1.095738,600276.SH:+4.89 605189.SH:+8.24
2026-07-16,3,1,3.2377,1.131215,603127.SH:+3.24
2026-07-17,3,1,-2.8714,1.098733,002415.SZ:-2.87
2026-07-20,2,2,8.6713,1.194008,600644.SH:+8.90 605011.SH:+8.44
2026-07-21,3,1,-1.847,1.171955,601162.SH:-1.85
2026-07-22,3,0,0.0,1.171955,
2026-07-23,3,2,4.4384,1.223972,000815.SZ:+7.71 002653.SZ:+1.17
2026-07-24,2,0,0.0,1.223972,
2026-07-27,3,0,0.0,1.223972,
2026-07-28,2,1,8.1633,1.323888,002310.SZ:+8.16
2026-07-29,2,1,-4.3391,1.266443,603716.SH:-4.34
2026-07-30,2,1,9.8951,1.391758,600228.SH:+9.90
2026-07-31,3,2,-1.7768,1.367029,600228.SH:-3.00 601628.SH:-0.55
2026-08-03,2,1,4.9818,1.435131,000967.SZ:+4.98
2026-08-04,4,4,2.8,1.475315,002083.SZ:+2.54 002354.SZ:+8.09 002896.SZ:+1.78 600352.SH:-1.21
2026-08-05,2,1,-0.7895,1.463668,000815.SZ:-0.79
2026-08-06,2,1,6.5574,1.559646,603186.SH:+6.56
2026-08-07,4,3,1.518,1.583321,002104.SZ:-3.57 002141.SZ:+6.63 002648.SZ:+1.50
2026-08-10,4,2,0.8279,1.596429,000566.SZ:-0.98 002648.SZ:+2.64
2026-08-11,2,1,6.5722,1.701348,600664.SH:+6.57
2026-08-12,3,3,4.4754,1.777491,002329.SZ:+7.69 600436.SH:-2.69 600881.SH:+8.42
2026-08-13,2,1,-6.0724,1.669554,002031.SZ:-6.07
2026-08-14,3,1,-4.6478,1.591957,002173.SZ:-4.65
2026-08-17,4,1,0.5637,1.600932,000938.SZ:+0.56
2026-08-18,2,0,0.0,1.600932,
2026-08-19,3,1,0.2118,1.604322,600989.SH:+0.21
2026-08-20,3,1,-0.1563,1.601814,601225.SH:-0.16
2026-08-21,2,0,0.0,1.601814,
2026-08-24,4,2,-1.89,1.57154,000737.SZ:-0.60 003018.SZ:-3.18
2026-08-25,3,1,-2.3686,1.534316,601101.SH:-2.37
2026-08-26,4,1,1.2072,1.552839,000566.SZ:+1.21
2026-08-27,4,2,3.9043,1.613466,000703.SZ:+5.49 600096.SH:+2.31
2026-08-28,2,0,0.0,1.613466,
2026-08-31,2,0,0.0,1.613466,
2026-09-01,2,1,-6.2033,1.513378,605287.SH:-6.20
2026-09-02,2,1,9.6591,1.659557,002104.SZ:+9.66
2026-09-03,2,2,-2.3649,1.62031,000977.SZ:-1.73 002274.SZ:-3.00
