T1,picks,trades,day_ret_pct,equity,trades_detail
2026-01-06,2,1,0.84,1.0084,002555.SZ:+0.84
2026-01-07,2,0,0.0,1.0084,
2026-01-08,3,3,-0.5275,1.00308,600266.SH:-8.52 600435.SH:+5.35 603011.SH:+1.59
2026-01-09,4,2,4.3639,1.046854,001400.SZ:+9.83 002297.SZ:-1.11
2026-01-12,2,1,4.4635,1.093581,001400.SZ:+4.46
2026-01-13,2,0,0.0,1.093581,
2026-01-14,3,1,-1.5438,1.076698,603799.SH:-1.54
2026-01-15,4,1,-2.9487,1.044949,002027.SZ:-2.95
2026-01-16,3,1,7.8481,1.126958,002156.SZ:+7.85
2026-01-19,3,1,5.8496,1.19288,002339.SZ:+5.85
2026-01-20,4,3,-2.9194,1.158056,002339.SZ:-3.65 002389.SZ:-4.00 002738.SZ:-1.11
2026-01-21,3,2,3.1368,1.194382,002354.SZ:-0.94 601616.SH:+7.22
2026-01-22,2,0,0.0,1.194382,
2026-01-23,4,1,0.2436,1.197292,601608.SH:+0.24
2026-01-26,2,0,0.0,1.197292,
2026-01-27,3,2,1.36,1.213575,000603.SZ:+7.56 002192.SZ:-4.84
2026-01-28,3,2,-2.287,1.18582,002077.SZ:-0.06 003031.SZ:-4.52
2026-01-29,3,1,-4.0665,1.137599,002171.SZ:-4.07
2026-01-30,3,0,0.0,1.137599,
2026-02-02,2,2,-4.7697,1.083339,002137.SZ:-5.54 003031.SZ:-4.00
2026-02-03,2,1,-2.0183,1.061473,601616.SH:-2.02
2026-02-04,2,1,-2.589,1.033992,600266.SH:-2.59
2026-02-05,2,1,1.1133,1.045503,600188.SH:+1.11
2026-02-06,2,1,0.6024,1.051802,603103.SH:+0.60
2026-02-09,2,1,1.3889,1.06641,605488.SH:+1.39
2026-02-10,2,1,-1.0558,1.055151,002534.SZ:-1.06
2026-02-11,2,0,0.0,1.055151,
2026-02-12,2,1,7.1177,1.130253,002378.SZ:+7.12
2026-02-13,2,0,0.0,1.130253,
2026-02-25,2,0,0.0,1.130253,
2026-02-26,2,1,-3.7356,1.088031,000545.SZ:-3.74
2026-02-27,4,3,3.7436,1.128763,001400.SZ:+2.38 002703.SZ:-1.15 600549.SH:+10.00
2026-03-02,2,2,2.5579,1.157636,002182.SZ:+4.86 600744.SH:+0.25
2026-03-03,3,2,0.6089,1.164685,603077.SH:-4.97 603353.SH:+6.19
2026-03-04,3,2,5.2466,1.225791,000968.SZ:+5.10 601619.SH:+5.39
2026-03-05,3,3,3.2099,1.265138,002339.SZ:+5.75 601877.SH:+1.87 603530.SH:+2.01
2026-03-06,4,3,2.4715,1.296406,002339.SZ:+0.85 002364.SZ:+7.09 600869.SH:-0.52
2026-03-09,4,2,3.9696,1.347868,000792.SZ:+4.27 605286.SH:+3.67
2026-03-10,3,1,7.561,1.44978,002575.SZ:+7.56
2026-03-11,4,4,-1.6732,1.425523,000636.SZ:-2.05 002025.SZ:-3.76 600105.SH:+0.96 603017.SH:-1.83
2026-03-12,3,3,2.1342,1.455947,600105.SH:-4.00 601868.SH:+7.95 603757.SH:+2.45
2026-03-13,3,2,1.3905,1.476191,000875.SZ:+0.63 605305.SH:+2.15
2026-03-16,3,1,-6.396,1.381773,600426.SH:-6.40
2026-03-17,3,3,-2.5371,1.346716,000839.SZ:-2.44 600667.SH:+0.78 600703.SH:-5.95
2026-03-18,3,2,-4.7653,1.282541,002150.SZ:-5.38 002459.SZ:-4.15
2026-03-19,2,1,0.5402,1.28947,603316.SH:+0.54
2026-03-20,2,2,-3.8354,1.240014,000815.SZ:-2.67 600666.SH:-5.00
2026-03-23,2,1,-1.0695,1.226751,600157.SH:-1.07
2026-03-24,3,2,-2.7211,1.193371,002487.SZ:+0.04 600376.SH:-5.48
2026-03-25,2,1,7.6368,1.284506,601606.SH:+7.64
2026-03-26,2,1,-5.2137,1.217536,000601.SZ:-5.21
2026-03-27,2,1,3.4195,1.259169,000037.SZ:+3.42
2026-03-30,2,1,-3.8514,1.210673,000695.SZ:-3.85
2026-03-31,2,1,5.01,1.271328,600488.SH:+5.01
2026-04-01,2,0,0.0,1.271328,
2026-04-02,4,2,-4.0,1.220475,002281.SZ:-4.00 600988.SH:-4.00
2026-04-03,1,1,-3.6486,1.175944,000788.SZ:-3.65
2026-04-07,1,0,0.0,1.175944,
2026-04-08,2,1,-1.3182,1.160443,603260.SH:-1.32
2026-04-09,4,2,-2.6561,1.12962,000070.SZ:-4.00 000688.SZ:-1.31
2026-04-10,3,1,5.1554,1.187857,603256.SH:+5.16
2026-04-13,4,0,0.0,1.187857,
2026-04-14,4,2,0.9744,1.199431,000815.SZ:+1.26 002439.SZ:+0.69
2026-04-15,4,2,-4.3087,1.147751,000620.SZ:-5.00 603308.SH:-3.62
2026-04-16,3,2,-0.5189,1.141796,000338.SZ:+2.32 600267.SH:-3.35
2026-04-17,2,2,0.8944,1.152008,600768.SH:+1.42 605060.SH:+0.37
2026-04-20,4,2,4.3769,1.202429,600156.SH:+9.81 600563.SH:-1.05
2026-04-21,2,1,-2.6498,1.170568,600707.SH:-2.65
2026-04-22,3,2,-1.8023,1.14947,601778.SH:+1.40 603017.SH:-5.00
2026-04-23,3,3,1.4965,1.166672,000973.SZ:-4.68 601179.SH:+0.33 603618.SH:+8.84
2026-04-24,3,2,0.8552,1.176649,000155.SZ:+5.18 603618.SH:-3.47
2026-04-27,3,2,-2.6773,1.145146,000408.SZ:-0.35 603967.SH:-5.00
2026-04-28,3,3,-0.1145,1.143835,001309.SZ:-0.11 002115.SZ:+1.52 002134.SZ:-1.76
2026-04-29,3,2,2.1323,1.168225,600188.SH:+7.97 601828.SH:-3.70
2026-04-30,4,3,3.2155,1.205789,000551.SZ:+2.26 600989.SH:-2.54 605376.SH:+9.92
2026-05-06,4,2,2.5005,1.235939,002645.SZ:-0.58 603308.SH:+5.58
2026-05-07,2,2,5.4693,1.303537,001309.SZ:+2.24 603316.SH:+8.70
2026-05-08,2,1,0.8927,1.315173,002903.SZ:+0.89
2026-05-11,2,1,-4.4944,1.256064,600936.SH:-4.49
2026-05-12,2,1,-5.4662,1.187404,600748.SH:-5.47
2026-05-13,3,3,4.0057,1.234968,601016.SH:+9.96 603331.SH:-2.27 603895.SH:+4.33
2026-05-14,2,0,0.0,1.234968,
2026-05-15,3,1,-1.5559,1.215753,002973.SZ:-1.56
2026-05-18,3,1,3.6014,1.259538,600367.SH:+3.60
2026-05-19,4,2,5.2623,1.325819,002272.SZ:+9.25 603005.SH:+1.27
2026-05-20,2,1,-8.3555,1.21504,603206.SH:-8.36
2026-05-21,3,2,1.6417,1.234987,002957.SZ:-4.00 603316.SH:+7.28
2026-05-22,3,1,-4.0,1.185588,000559.SZ:-4.00
2026-05-25,4,3,1.1848,1.199635,002654.SZ:-0.96 600580.SH:+3.21 605006.SH:+1.31
2026-05-26,3,1,-4.0,1.15165,002222.SZ:-4.00
2026-05-27,3,1,3.4137,1.190963,000767.SZ:+3.41
2026-05-28,3,3,-2.5898,1.160119,000892.SZ:-6.66 002922.SZ:+1.66 600758.SH:-2.77
2026-05-29,4,3,1.3697,1.176009,002015.SZ:+1.26 600601.SH:+2.44 603861.SH:+0.41
2026-06-01,3,1,-4.1774,1.126882,000966.SZ:-4.18
2026-06-02,2,1,-2.7778,1.09558,002229.SZ:-2.78
2026-06-03,2,0,0.0,1.09558,
2026-06-04,3,1,1.7867,1.115155,600460.SH:+1.79
2026-06-05,2,1,-5.0763,1.058546,002590.SZ:-5.08
2026-06-08,3,1,8.0532,1.143793,603135.SH:+8.05
2026-06-09,3,0,0.0,1.143793,
2026-06-10,2,2,1.737,1.163661,001696.SZ:+5.77 603211.SH:-2.30
2026-06-11,2,0,0.0,1.163661,
2026-06-12,2,1,5.5091,1.227768,002971.SZ:+5.51
2026-06-15,3,2,0.8335,1.238002,000099.SZ:-3.22 002125.SZ:+4.89
2026-06-16,2,1,2.7903,1.272545,600237.SH:+2.79
2026-06-17,4,3,1.4809,1.291391,002552.SZ:-5.09 603186.SH:+5.43 605358.SH:+4.11
2026-06-18,3,3,-2.2543,1.262279,002106.SZ:-5.38 002906.SZ:-1.75 603228.SH:+0.37
2026-06-22,3,1,1.4311,1.280344,600563.SH:+1.43
2026-06-23,2,0,0.0,1.280344,
2026-06-24,3,1,-4.0552,1.228424,600246.SH:-4.06
2026-06-25,3,3,0.1849,1.230695,000566.SZ:-2.13 002579.SZ:+10.02 603386.SH:-7.33
2026-06-26,3,1,-6.7113,1.148099,002254.SZ:-6.71
2026-06-29,3,3,4.7584,1.20273,002129.SZ:+2.18 600343.SH:+2.45 600707.SH:+9.64
2026-06-30,3,2,4.1797,1.253001,002653.SZ:+4.57 603115.SH:+3.79
2026-07-01,2,2,4.6802,1.311644,002779.SZ:+3.59 003043.SZ:+5.77
2026-07-02,2,2,-1.3716,1.293653,000795.SZ:+1.89 600845.SH:-4.63
2026-07-03,3,3,0.143,1.295502,000566.SZ:-7.75 002536.SZ:+8.98 603416.SH:-0.80
2026-07-06,4,2,3.42,1.339808,002272.SZ:-2.06 603268.SH:+8.90
2026-07-07,2,0,0.0,1.339808,
2026-07-09,2,2,-1.9932,1.313103,002467.SZ:-5.20 603496.SH:+1.22
2026-07-10,4,2,-3.6818,1.264757,600601.SH:-5.36 603690.SH:-2.00
2026-07-13,4,2,4.6789,1.323933,600428.SH:+7.32 603268.SH:+2.04
2026-07-14,2,1,7.3684,1.421486,600664.SH:+7.37
2026-07-15,2,1,8.2353,1.538549,605189.SH:+8.24
2026-07-16,2,1,3.2377,1.588363,603127.SH:+3.24
2026-07-17,2,0,0.0,1.588363,
2026-07-20,2,2,8.6713,1.726095,600644.SH:+8.90 605011.SH:+8.44
2026-07-21,2,0,0.0,1.726095,
2026-07-22,3,0,0.0,1.726095,
2026-07-23,2,1,7.711,1.859194,000815.SZ:+7.71
2026-07-24,2,0,0.0,1.859194,
2026-07-27,2,0,0.0,1.859194,
2026-07-28,2,1,8.1633,2.010965,002310.SZ:+8.16
2026-07-29,2,1,-6.3115,1.884042,603716.SH:-6.31
2026-07-30,2,1,9.8951,2.070469,600228.SH:+9.90
2026-07-31,2,1,5.5935,2.18628,600228.SH:+5.59
2026-08-03,2,1,4.9818,2.295196,000967.SZ:+4.98
2026-08-04,2,2,4.9359,2.408484,002354.SZ:+8.09 002896.SZ:+1.78
2026-08-05,2,1,-0.7895,2.38947,000815.SZ:-0.79
2026-08-06,2,1,6.5574,2.546157,603186.SH:+6.56
2026-08-07,4,3,0.8552,2.567932,002104.SZ:-5.56 002141.SZ:+6.63 002648.SZ:+1.50
2026-08-10,4,2,0.8279,2.589191,000566.SZ:-0.98 002648.SZ:+2.64
2026-08-11,2,1,6.5722,2.759357,600664.SH:+6.57
2026-08-12,3,3,4.4754,2.882849,002329.SZ:+7.69 600436.SH:-2.69 600881.SH:+8.42
2026-08-13,2,1,-5.4299,2.726315,002031.SZ:-5.43
2026-08-14,3,1,-4.6478,2.599602,002173.SZ:-4.65
2026-08-17,4,1,0.5637,2.614256,000938.SZ:+0.56
2026-08-18,2,0,0.0,2.614256,
2026-08-19,3,1,0.2118,2.619793,600989.SH:+0.21
2026-08-20,3,1,-0.1563,2.615698,601225.SH:-0.16
2026-08-21,2,0,0.0,2.615698,
2026-08-24,2,1,-5.1763,2.4803,003018.SZ:-5.18
2026-08-25,2,0,0.0,2.4803,
2026-08-26,2,1,1.2072,2.510244,000566.SZ:+1.21
2026-08-27,2,0,0.0,2.510244,
2026-08-28,2,0,0.0,2.510244,
2026-08-31,2,0,0.0,2.510244,
2026-09-01,2,1,-6.7442,2.340948,605287.SH:-6.74
2026-09-02,2,1,9.6591,2.567062,002104.SZ:+9.66
2026-09-03,1,1,-5.0,2.438709,002274.SZ:-5.00
2026-09-04,2,2,-7.3761,2.258829,603270.SH:-8.61 603728.SH:-6.14
2026-09-07,2,1,3.0675,2.328118,603123.SH:+3.07
2026-09-08,2,0,0.0,2.328118,
2026-09-09,2,1,-5.0,2.211712,601949.SH:-5.00
