T,T1,regime,group,thscode,name,industry,concept,con_pct,con_lu_cnt,score,factors,reason,catalyst,tech,watch,watch_range,risk,priority
2026-01-05,2026-01-06,aggressive,lu,002925.SZ,盈趣科技,消费电子,脑机接口,13.697426730673602,28.0,91.0,"{'theme': 1.0, 'concept': 1.0, 'ladder': 0.55, 'seal': 1.0, 'time': 1.0, 'liq': 1.0, 'struct': 1.0}",涨停组: 脑机接口方向/脑机接口 1板 封单比25.4% 涨停时间09:30 题材内涨停29家 概念内涨停28家 驱动概念[脑机接口] 成交4.3亿,脑机接口+机器人+智能制造+摩尔线程,1连板 换手承接量比1.81,"次日竞价与开盘承接: 高开幅度观察区间[-2%,+5%]; 开盘涨幅≤+3%且不破昨收-3%视为买点触发",昨收18.63,高位情绪兑现/次日低开大幅回撤/炸板断板/概念退潮,1
2026-01-05,2026-01-06,aggressive,lu,002555.SZ,三七互娱,游戏,脑机接口,13.697426730673602,28.0,91.0,"{'theme': 1.0, 'concept': 1.0, 'ladder': 0.55, 'seal': 1.0, 'time': 1.0, 'liq': 1.0, 'struct': 1.0}",涨停组: 脑机接口方向/脑机接口 1板 封单比17.7% 涨停时间09:36 题材内涨停29家 概念内涨停28家 驱动概念[脑机接口] 成交12.1亿,脑机接口+AI游戏+小游戏流水,1连板 换手承接量比0.86,"次日竞价与开盘承接: 高开幅度观察区间[-2%,+5%]; 开盘涨幅≤+3%且不破昨收-3%视为买点触发",昨收25.96,高位情绪兑现/次日低开大幅回撤/炸板断板/概念退潮,1
2026-01-06,2026-01-07,aggressive,lu,600266.SH,城建发展,房地产,卫星导航,2.2833997428760577,12.0,100.0,"{'theme': 1.0, 'concept': 1.0, 'ladder': 1.0, 'seal': 1.0, 'time': 1.0, 'liq': 1.0, 'struct': 1.0}",涨停组: 商业航天方向/卫星导航 3板 封单比16.3% 涨停时间09:31 题材内涨停12家 概念内涨停12家 驱动概念[卫星导航] 成交7.6亿,商业航天+北京国资+房地产,3连板 换手承接量比1.11,"次日竞价与开盘承接: 高开幅度观察区间[-2%,+5%]; 开盘涨幅≤+3%且不破昨收-3%视为买点触发",昨收6.14,高位情绪兑现/次日低开大幅回撤/炸板断板/概念退潮,1
2026-01-06,2026-01-07,aggressive,lu,002925.SZ,盈趣科技,消费电子,脑机接口,5.7387487104539225,18.0,98.0,"{'theme': 1.0, 'concept': 1.0, 'ladder': 0.9, 'seal': 1.0, 'time': 1.0, 'liq': 1.0, 'struct': 1.0}",涨停组: 脑机接口方向/脑机接口 2板 封单比42.8% 涨停时间09:25 题材内涨停17家 概念内涨停18家 驱动概念[脑机接口] 成交4.7亿,脑机接口+机器人+智能制造+摩尔线程,2连板 换手承接量比1.50,"次日竞价与开盘承接: 高开幅度观察区间[-2%,+5%]; 开盘涨幅≤+3%且不破昨收-3%视为买点触发",昨收20.49,高位情绪兑现/次日低开大幅回撤/炸板断板/概念退潮,1
2026-01-07,2026-01-08,defensive,lu,600435.SH,北方导航,军工装备,高端装备,0.6999946943742064,7.0,94.0,"{'theme': 0.2, 'concept': 1.0, 'ladder': 0.9, 'seal': 1.0, 'time': 1.0, 'liq': 1.0, 'struct': 1.0}",涨停组: 卫星通信方向/高端装备 2板 封单比18.1% 涨停时间09:35 题材内涨停2家 概念内涨停7家 驱动概念[高端装备] 成交19.1亿,卫星通信+军工制导+央企,2连板 换手承接量比0.93,"次日竞价与开盘承接: 高开幅度观察区间[-2%,+5%]; 开盘涨幅≤+3%且不破昨收-3%视为买点触发",昨收19.82,高位情绪兑现/次日低开大幅回撤/炸板断板/概念退潮,1
2026-01-07,2026-01-08,defensive,lu,600266.SH,城建发展,房地产,商业航天,0.8007384926613792,17.0,88.0,"{'theme': 0.4, 'concept': 1.0, 'ladder': 1.0, 'seal': 0.4, 'time': 1.0, 'liq': 1.0, 'struct': 1.0}",涨停组: 商业航天方向/商业航天 4板 封单比6.6% 涨停时间09:25 题材内涨停3家 概念内涨停17家 驱动概念[商业航天] 成交16.1亿,商业航天+北京国资+房地产,4连板 换手承接量比1.68,"次日竞价与开盘承接: 高开幅度观察区间[-2%,+5%]; 开盘涨幅≤+3%且不破昨收-3%视为买点触发",昨收6.75,高位情绪兑现/次日低开大幅回撤/炸板断板/概念退潮,1
2026-01-07,2026-01-08,defensive,nlu,603011.SH,合锻智能,专用设备,可控核聚变,2.5305759668036165,8.0,90.609375,"{'sector': 0.774375, 'trend': 1.0, 'pos': 0.85, 'mom': 1.0, 'liq': 1.0, 'recog': 1.0}","非涨停组: 趋势结构多头(MA20>MA60且上行), 处于活跃板块[专用设备](当日涨幅分位75%, 板块涨停5家) 驱动概念[可控核聚变] 距60日高点10.2% 20日涨幅17.8%",板块[专用设备]轮动延续/资金承接/概念热度,收盘25.84 MA20上方 量比1.19,"次日开盘[-2%,+3%]为观察区间; 收盘站上max(开盘,昨收)视为买点触发",昨收25.84,板块退潮补跌/概念退潮/资金承接不足/持续阴跌,1
2026-01-08,2026-01-09,normal,lu,001400.SZ,江顺科技,专用设备,商业航天,3.562659386270295,37.0,95.5,"{'theme': 1.0, 'concept': 1.0, 'ladder': 1.0, 'seal': 0.7, 'time': 1.0, 'liq': 1.0, 'struct': 1.0}",涨停组: 商业航天方向/商业航天 3板 封单比10.9% 涨停时间09:35 题材内涨停18家 概念内涨停37家 驱动概念[商业航天] 成交3.1亿,商业航天+液冷服务器+铝挤压模具,3连板 换手承接量比0.84,"次日竞价与开盘承接: 高开幅度观察区间[-2%,+5%]; 开盘涨幅≤+3%且不破昨收-3%视为买点触发",昨收103.26,高位情绪兑现/次日低开大幅回撤/炸板断板/概念退潮,1
2026-01-08,2026-01-09,normal,lu,601399.SH,国机重装,专用设备,可控核聚变,3.0182086778254957,11.0,93.5,"{'theme': 1.0, 'concept': 1.0, 'ladder': 0.9, 'seal': 0.7, 'time': 1.0, 'liq': 1.0, 'struct': 1.0}",涨停组: 可控核聚变方向/可控核聚变 2板 封单比14.8% 涨停时间09:34 题材内涨停6家 概念内涨停11家 驱动概念[可控核聚变] 成交15.5亿,可控核聚变+工业母机+央企,2连板 换手承接量比0.85,"次日竞价与开盘承接: 高开幅度观察区间[-2%,+5%]; 开盘涨幅≤+3%且不破昨收-3%视为买点触发",昨收6.06,高位情绪兑现/次日低开大幅回撤/炸板断板/概念退潮,1
2026-01-08,2026-01-09,normal,nlu,000917.SZ,电广传媒,文化传媒,物联网,1.478250124642444,10.0,91.00390625,"{'sector': 0.79015625, 'trend': 1.0, 'pos': 0.85, 'mom': 1.0, 'liq': 1.0, 'recog': 1.0}","非涨停组: 趋势结构多头(MA20>MA60且上行), 处于活跃板块[文化传媒](当日涨幅分位85%, 板块涨停1家) 驱动概念[物联网] 距60日高点11.8% 20日涨幅18.6%",板块[文化传媒]轮动延续/资金承接/概念热度,收盘10.91 MA20上方 量比0.87,"次日开盘[-2%,+3%]为观察区间; 收盘站上max(开盘,昨收)视为买点触发",昨收10.91,板块退潮补跌/概念退潮/资金承接不足/持续阴跌,1
2026-01-08,2026-01-09,normal,nlu,002297.SZ,博云新材,军工装备,商业航天,3.562659386270295,37.0,89.63671875,"{'sector': 0.9854687500000001, 'trend': 1.0, 'pos': 0.6, 'mom': 1.0, 'liq': 1.0, 'recog': 1.0}","非涨停组: 趋势结构多头(MA20>MA60且上行), 处于活跃板块[军工装备](当日涨幅分位99%, 板块涨停7家) 驱动概念[商业航天] 距60日高点7.4% 20日涨幅23.0%",板块[军工装备]轮动延续/资金承接/概念热度,收盘12.62 MA20上方 量比1.11,"次日开盘[-2%,+3%]为观察区间; 收盘站上max(开盘,昨收)视为买点触发",昨收12.62,板块退潮补跌/概念退潮/资金承接不足/持续阴跌,1
2026-01-09,2026-01-12,aggressive,lu,001400.SZ,江顺科技,专用设备,商业航天,2.7324746281208068,23.0,92.5,"{'theme': 1.0, 'concept': 1.0, 'ladder': 1.0, 'seal': 0.7, 'time': 0.85, 'liq': 1.0, 'struct': 1.0}",涨停组: 商业航天方向/商业航天 4板 封单比10.3% 涨停时间09:49 题材内涨停16家 概念内涨停23家 驱动概念[商业航天] 成交4.4亿,商业航天+液冷服务器+铝挤压模具,4连板 换手承接量比1.05,"次日竞价与开盘承接: 高开幅度观察区间[-2%,+5%]; 开盘涨幅≤+3%且不破昨收-3%视为买点触发",昨收113.59,高位情绪兑现/次日低开大幅回撤/炸板断板/概念退潮,1
2026-01-09,2026-01-12,aggressive,lu,002519.SZ,银河电子,军工电子,军工信息化,2.7618094787904335,3.0,89.0,"{'theme': 1.0, 'concept': 0.8, 'ladder': 0.6, 'seal': 1.0, 'time': 1.0, 'liq': 1.0, 'struct': 1.0}",涨停组: 商业航天方向/军工信息化 5板 封单比37.9% 涨停时间09:31 题材内涨停16家 概念内涨停3家 驱动概念[军工信息化] 成交7.8亿,商业航天+军工电子+储能,5连板 换手承接量比0.83,"次日竞价与开盘承接: 高开幅度观察区间[-2%,+5%]; 开盘涨幅≤+3%且不破昨收-3%视为买点触发",昨收10.43,高位情绪兑现/次日低开大幅回撤/炸板断板/概念退潮,1
2026-01-12,2026-01-13,aggressive,lu,601106.SH,中国一重,专用设备,商业航天,6.307158848862082,47.0,95.5,"{'theme': 1.0, 'concept': 1.0, 'ladder': 1.0, 'seal': 0.7, 'time': 1.0, 'liq': 1.0, 'struct': 1.0}",涨停组: 商业航天方向/商业航天 4板 封单比12.0% 涨停时间09:37 题材内涨停34家 概念内涨停47家 驱动概念[商业航天] 成交22.4亿,商业航天+可控核聚变+资产出售,4连板 换手承接量比1.45,"次日竞价与开盘承接: 高开幅度观察区间[-2%,+5%]; 开盘涨幅≤+3%且不破昨收-3%视为买点触发",昨收5.95,高位情绪兑现/次日低开大幅回撤/炸板断板/概念退潮,1
2026-01-12,2026-01-13,aggressive,lu,000503.SZ,国新健康,软件开发,AI智能体,7.153599039340541,57.0,89.0,"{'theme': 1.0, 'concept': 1.0, 'ladder': 0.9, 'seal': 0.4, 'time': 1.0, 'liq': 1.0, 'struct': 1.0}",涨停组: AI智能体方向/AI智能体 2板 封单比5.0% 涨停时间09:25 题材内涨停21家 概念内涨停57家 驱动概念[AI智能体] 成交11.7亿,AI智能体+DRG/DIP+央企,2连板 换手承接量比2.72,"次日竞价与开盘承接: 高开幅度观察区间[-2%,+5%]; 开盘涨幅≤+3%且不破昨收-3%视为买点触发",昨收11.61,高位情绪兑现/次日低开大幅回撤/炸板断板/概念退潮,1
2026-01-13,2026-01-14,defensive,lu,601992.SH,金隅集团,建筑材料,装配式建筑,-0.5019756639819684,4.0,97.0,"{'theme': 0.8, 'concept': 1.0, 'ladder': 0.9, 'seal': 1.0, 'time': 1.0, 'liq': 1.0, 'struct': 1.0}",涨停组: 商业航天方向/装配式建筑 2板 封单比86.1% 涨停时间09:30 题材内涨停5家 概念内涨停4家 驱动概念[装配式建筑] 成交3.9亿,商业航天+可控核聚变+北京国资,2连板 换手承接量比1.10,"次日竞价与开盘承接: 高开幅度观察区间[-2%,+5%]; 开盘涨幅≤+3%且不破昨收-3%视为买点触发",昨收2.13,高位情绪兑现/次日低开大幅回撤/炸板断板/概念退潮,1
2026-01-13,2026-01-14,defensive,lu,002219.SZ,新里程,医疗服务,创新药,1.641959916488589,7.0,89.0,"{'theme': 0.6, 'concept': 1.0, 'ladder': 0.55, 'seal': 1.0, 'time': 1.0, 'liq': 1.0, 'struct': 1.0}",涨停组: AI医疗方向/创新药 1板 封单比21.5% 涨停时间09:30 题材内涨停4家 概念内涨停7家 驱动概念[创新药] 成交5.2亿,AI医疗+银发经济+资产注入+医疗服务,1连板 换手承接量比2.13,"次日竞价与开盘承接: 高开幅度观察区间[-2%,+5%]; 开盘涨幅≤+3%且不破昨收-3%视为买点触发",昨收2.5,高位情绪兑现/次日低开大幅回撤/炸板断板/概念退潮,1
2026-01-13,2026-01-14,defensive,nlu,603799.SH,华友钴业,能源金属,盐湖提锂,0.547316384180796,0.0,71.30859375,"{'sector': 0.57234375, 'trend': 1.0, 'pos': 0.6, 'mom': 1.0, 'liq': 1.0, 'recog': 0.2}","非涨停组: 趋势结构多头(MA20>MA60且上行), 处于活跃板块[能源金属](当日涨幅分位82%, 板块涨停0家) 驱动概念[盐湖提锂] 距60日高点5.6% 20日涨幅22.7%",板块[能源金属]轮动延续/资金承接/概念热度,收盘74.50 MA20上方 量比0.86,"次日开盘[-2%,+3%]为观察区间; 收盘站上max(开盘,昨收)视为买点触发",昨收74.50,板块退潮补跌/概念退潮/资金承接不足/持续阴跌,1
2026-01-14,2026-01-15,normal,lu,600662.SH,外服控股,其他社会服务,云办公,4.518103561332443,5.0,98.0,"{'theme': 1.0, 'concept': 1.0, 'ladder': 0.9, 'seal': 1.0, 'time': 1.0, 'liq': 1.0, 'struct': 1.0}",涨停组: AI应用方向/云办公 2板 封单比23.7% 涨停时间09:38 题材内涨停7家 概念内涨停5家 驱动概念[云办公] 成交4.6亿,AI应用+人力资源服务+上海国企改革,2连板 换手承接量比2.40,"次日竞价与开盘承接: 高开幅度观察区间[-2%,+5%]; 开盘涨幅≤+3%且不破昨收-3%视为买点触发",昨收6.25,高位情绪兑现/次日低开大幅回撤/炸板断板/概念退潮,1
2026-01-14,2026-01-15,normal,lu,002879.SZ,长缆科技,电网设备,数据中心(AIDC),1.795647005298151,18.0,91.0,"{'theme': 1.0, 'concept': 1.0, 'ladder': 0.55, 'seal': 1.0, 'time': 1.0, 'liq': 1.0, 'struct': 1.0}",涨停组: 商业航天方向/数据中心(AIDC) 1板 封单比23.2% 涨停时间09:25 题材内涨停11家 概念内涨停18家 驱动概念[数据中心(AIDC)] 成交3.0亿,商业航天+超高压电缆+液冷+股份支付费用冲回,1连板 换手承接量比1.15,"次日竞价与开盘承接: 高开幅度观察区间[-2%,+5%]; 开盘涨幅≤+3%且不破昨收-3%视为买点触发",昨收20.76,高位情绪兑现/次日低开大幅回撤/炸板断板/概念退潮,1
2026-01-14,2026-01-15,normal,nlu,601399.SH,国机重装,专用设备,创投,1.0089650183433996,16.0,90.19140625,"{'sector': 0.7576562499999999, 'trend': 1.0, 'pos': 0.85, 'mom': 1.0, 'liq': 1.0, 'recog': 1.0}","非涨停组: 趋势结构多头(MA20>MA60且上行), 处于活跃板块[专用设备](当日涨幅分位72%, 板块涨停4家) 驱动概念[创投] 距60日高点10.1% 20日涨幅11.2%",板块[专用设备]轮动延续/资金承接/概念热度,收盘5.98 MA20上方 量比0.74,"次日开盘[-2%,+3%]为观察区间; 收盘站上max(开盘,昨收)视为买点触发",昨收5.98,板块退潮补跌/概念退潮/资金承接不足/持续阴跌,1
2026-01-14,2026-01-15,normal,nlu,002027.SZ,分众传媒,文化传媒,AI应用,4.275546932373486,38.0,89.46875,"{'sector': 0.97875, 'trend': 1.0, 'pos': 0.6, 'mom': 1.0, 'liq': 1.0, 'recog': 1.0}","非涨停组: 趋势结构多头(MA20>MA60且上行), 处于活跃板块[文化传媒](当日涨幅分位97%, 板块涨停8家) 驱动概念[AI应用] 距60日高点6.3% 20日涨幅9.2%",板块[文化传媒]轮动延续/资金承接/概念热度,收盘7.50 MA20上方 量比1.16,"次日开盘[-2%,+3%]为观察区间; 收盘站上max(开盘,昨收)视为买点触发",昨收7.50,板块退潮补跌/概念退潮/资金承接不足/持续阴跌,1
2026-01-15,2026-01-16,defensive,lu,600662.SH,外服控股,其他社会服务,上海国企改革,0.22408882994444657,2.0,81.0,"{'theme': 0.2, 'concept': 0.6, 'ladder': 1.0, 'seal': 0.4, 'time': 1.0, 'liq': 1.0, 'struct': 1.0}",涨停组: AI应用方向/上海国企改革 3板 封单比5.2% 涨停时间09:30 题材内涨停2家 概念内涨停2家 驱动概念[上海国企改革] 成交9.9亿,AI应用+人力资源服务+上海国企改革,3连板 换手承接量比2.49,"次日竞价与开盘承接: 高开幅度观察区间[-2%,+5%]; 开盘涨幅≤+3%且不破昨收-3%视为买点触发",昨收6.88,高位情绪兑现/次日低开大幅回撤/炸板断板/概念退潮,1
2026-01-15,2026-01-16,defensive,lu,002119.SZ,康强电子,半导体,存储芯片,2.330094020890816,7.0,77.0,"{'theme': 0.2, 'concept': 1.0, 'ladder': 0.55, 'seal': 1.0, 'time': 0.5, 'liq': 1.0, 'struct': 1.0}",涨停组: 存储芯片方向/存储芯片 1板 封单比15.1% 涨停时间13:24 题材内涨停2家 概念内涨停7家 驱动概念[存储芯片] 成交9.9亿,存储芯片+封装材料+回购,1连板 换手承接量比1.12,"次日竞价与开盘承接: 高开幅度观察区间[-2%,+5%]; 开盘涨幅≤+3%且不破昨收-3%视为买点触发",昨收19.86,高位情绪兑现/次日低开大幅回撤/炸板断板/概念退潮,1
2026-01-15,2026-01-16,defensive,nlu,002156.SZ,通富微电,半导体,存储芯片,2.330094020890816,7.0,87.0,"{'sector': 0.8800000000000001, 'trend': 1.0, 'pos': 0.6, 'mom': 1.0, 'liq': 1.0, 'recog': 1.0}","非涨停组: 趋势结构多头(MA20>MA60且上行), 处于活跃板块[半导体](当日涨幅分位91%, 板块涨停4家) 驱动概念[存储芯片] 距60日高点8.1% 20日涨幅20.7%",板块[半导体]轮动延续/资金承接/概念热度,收盘42.55 MA20上方 量比0.90,"次日开盘[-2%,+3%]为观察区间; 收盘站上max(开盘,昨收)视为买点触发",昨收42.55,板块退潮补跌/概念退潮/资金承接不足/持续阴跌,1
2026-01-16,2026-01-19,defensive,lu,002119.SZ,康强电子,半导体,存储芯片,4.07495966310667,8.0,89.5,"{'theme': 0.2, 'concept': 1.0, 'ladder': 0.9, 'seal': 0.7, 'time': 1.0, 'liq': 1.0, 'struct': 1.0}",涨停组: 存储芯片方向/存储芯片 2板 封单比9.2% 涨停时间09:30 题材内涨停2家 概念内涨停8家 驱动概念[存储芯片] 成交15.5亿,存储芯片+封装材料+回购,2连板 换手承接量比1.55,"次日竞价与开盘承接: 高开幅度观察区间[-2%,+5%]; 开盘涨幅≤+3%且不破昨收-3%视为买点触发",昨收21.85,高位情绪兑现/次日低开大幅回撤/炸板断板/概念退潮,1
2026-01-16,2026-01-19,defensive,lu,002339.SZ,积成电子,电网设备,特高压,2.158697165276613,7.0,88.0,"{'theme': 1.0, 'concept': 1.0, 'ladder': 0.55, 'seal': 1.0, 'time': 0.85, 'liq': 1.0, 'struct': 1.0}",涨停组: 电网设备方向/特高压 1板 封单比26.6% 涨停时间10:24 题材内涨停6家 概念内涨停7家 驱动概念[特高压] 成交7.2亿,电网设备+中标+特高压,1连板 换手承接量比1.58,"次日竞价与开盘承接: 高开幅度观察区间[-2%,+5%]; 开盘涨幅≤+3%且不破昨收-3%视为买点触发",昨收10.36,高位情绪兑现/次日低开大幅回撤/炸板断板/概念退潮,1
2026-01-16,2026-01-19,defensive,nlu,603296.SH,华勤技术,消费电子,共封装光学(CPO),1.9773255256395617,5.0,89.9921875,"{'sector': 0.8696875, 'trend': 1.0, 'pos': 0.85, 'mom': 0.7, 'liq': 1.0, 'recog': 1.0}","非涨停组: 趋势结构多头(MA20>MA60且上行), 处于活跃板块[消费电子](当日涨幅分位88%, 板块涨停2家) 驱动概念[共封装光学(CPO)] 距60日高点12.0% 20日涨幅4.4%",板块[消费电子]轮动延续/资金承接/概念热度,收盘68.97 MA20上方 量比1.05,"次日开盘[-2%,+3%]为观察区间; 收盘站上max(开盘,昨收)视为买点触发",昨收68.97,板块退潮补跌/概念退潮/资金承接不足/持续阴跌,1
2026-01-19,2026-01-20,normal,lu,601616.SH,广电电气,电网设备,智能电网,2.9339805373246985,19.0,98.0,"{'theme': 1.0, 'concept': 1.0, 'ladder': 0.9, 'seal': 1.0, 'time': 1.0, 'liq': 1.0, 'struct': 1.0}",涨停组: 电网设备方向/智能电网 2板 封单比17.9% 涨停时间09:31 题材内涨停6家 概念内涨停19家 驱动概念[智能电网] 成交6.5亿,电网设备+数据中心+出口,2连板 换手承接量比1.62,"次日竞价与开盘承接: 高开幅度观察区间[-2%,+5%]; 开盘涨幅≤+3%且不破昨收-3%视为买点触发",昨收5.04,高位情绪兑现/次日低开大幅回撤/炸板断板/概念退潮,1
2026-01-19,2026-01-20,normal,lu,002339.SZ,积成电子,电网设备,特高压,4.286303761569954,18.0,98.0,"{'theme': 1.0, 'concept': 1.0, 'ladder': 0.9, 'seal': 1.0, 'time': 1.0, 'liq': 1.0, 'struct': 1.0}",涨停组: 电网设备方向/特高压 2板 封单比15.3% 涨停时间09:34 题材内涨停6家 概念内涨停18家 驱动概念[特高压] 成交7.5亿,电网设备+中标+特高压,2连板 换手承接量比1.35,"次日竞价与开盘承接: 高开幅度观察区间[-2%,+5%]; 开盘涨幅≤+3%且不破昨收-3%视为买点触发",昨收11.4,高位情绪兑现/次日低开大幅回撤/炸板断板/概念退潮,1
2026-01-19,2026-01-20,normal,nlu,002389.SZ,航天彩虹,军工装备,光伏概念,1.8712524858482071,18.0,84.9375,"{'sector': 0.7075, 'trend': 0.8, 'pos': 0.85, 'mom': 1.0, 'liq': 1.0, 'recog': 1.0}","非涨停组: 趋势结构多头(MA20>MA60且上行), 处于活跃板块[军工装备](当日涨幅分位92%, 板块涨停5家) 驱动概念[光伏概念] 距60日高点12.9% 20日涨幅9.6%",板块[军工装备]轮动延续/资金承接/概念热度,收盘25.62 MA20上方 量比0.70,"次日开盘[-2%,+3%]为观察区间; 收盘站上max(开盘,昨收)视为买点触发",昨收25.62,板块退潮补跌/概念退潮/资金承接不足/持续阴跌,1
2026-01-19,2026-01-20,normal,nlu,002738.SZ,中矿资源,小金属,一带一路,1.4768956742612804,13.0,83.828125,"{'sector': 0.663125, 'trend': 0.8, 'pos': 0.85, 'mom': 1.0, 'liq': 1.0, 'recog': 1.0}","非涨停组: 趋势结构多头(MA20>MA60且上行), 处于活跃板块[小金属](当日涨幅分位81%, 板块涨停0家) 驱动概念[一带一路] 距60日高点10.9% 20日涨幅26.2%",板块[小金属]轮动延续/资金承接/概念热度,收盘82.67 MA20上方 量比0.61,"次日开盘[-2%,+3%]为观察区间; 收盘站上max(开盘,昨收)视为买点触发",昨收82.67,板块退潮补跌/概念退潮/资金承接不足/持续阴跌,1
2026-01-20,2026-01-21,normal,lu,601616.SH,广电电气,电网设备,绿色电力,0.29734546326809497,4.0,97.0,"{'theme': 0.4, 'concept': 1.0, 'ladder': 1.0, 'seal': 1.0, 'time': 1.0, 'liq': 1.0, 'struct': 1.0}",涨停组: 电网设备方向/绿色电力 3板 封单比45.4% 涨停时间09:30 题材内涨停3家 概念内涨停4家 驱动概念[绿色电力] 成交4.0亿,电网设备+数据中心+出口,3连板 换手承接量比0.90,"次日竞价与开盘承接: 高开幅度观察区间[-2%,+5%]; 开盘涨幅≤+3%且不破昨收-3%视为买点触发",昨收5.54,高位情绪兑现/次日低开大幅回撤/炸板断板/概念退潮,1
2026-01-20,2026-01-21,normal,lu,600230.SH,沧州大化,化学制品,央企国企改革,-0.11613747002834351,5.0,87.5,"{'theme': 0.4, 'concept': 1.0, 'ladder': 0.9, 'seal': 0.7, 'time': 0.85, 'liq': 1.0, 'struct': 1.0}",涨停组: 化工方向/央企国企改革 2板 封单比9.6% 涨停时间10:14 题材内涨停3家 概念内涨停5家 驱动概念[央企国企改革] 成交5.7亿,化工+TDI涨价+聚碳酸酯（PC）+国企改革,2连板 换手承接量比1.66,"次日竞价与开盘承接: 高开幅度观察区间[-2%,+5%]; 开盘涨幅≤+3%且不破昨收-3%视为买点触发",昨收18.15,高位情绪兑现/次日低开大幅回撤/炸板断板/概念退潮,1
2026-01-20,2026-01-21,normal,nlu,002354.SZ,天娱数科,文化传媒,小红书概念,0.3158129115224062,3.0,83.4765625,"{'sector': 0.6490625000000001, 'trend': 0.8, 'pos': 0.85, 'mom': 1.0, 'liq': 1.0, 'recog': 1.0}","非涨停组: 趋势结构多头(MA20>MA60且上行), 处于活跃板块[文化传媒](当日涨幅分位79%, 板块涨停4家) 驱动概念[小红书概念] 距60日高点12.9% 20日涨幅19.3%",板块[文化传媒]轮动延续/资金承接/概念热度,收盘7.41 MA20上方 量比0.52,"次日开盘[-2%,+3%]为观察区间; 收盘站上max(开盘,昨收)视为买点触发",昨收7.41,板块退潮补跌/概念退潮/资金承接不足/持续阴跌,1
2026-01-20,2026-01-21,normal,nlu,002213.SZ,大为股份,半导体,小金属概念,0.0073866073695416645,2.0,83.12890625,"{'sector': 0.71515625, 'trend': 1.0, 'pos': 0.85, 'mom': 1.0, 'liq': 1.0, 'recog': 0.4}","非涨停组: 趋势结构多头(MA20>MA60且上行), 处于活跃板块[半导体](当日涨幅分位68%, 板块涨停1家) 驱动概念[小金属概念] 距60日高点13.4% 20日涨幅25.3%",板块[半导体]轮动延续/资金承接/概念热度,收盘31.72 MA20上方 量比1.00,"次日开盘[-2%,+3%]为观察区间; 收盘站上max(开盘,昨收)视为买点触发",昨收31.72,板块退潮补跌/概念退潮/资金承接不足/持续阴跌,1
2026-01-21,2026-01-22,defensive,lu,002809.SZ,红墙股份,化学制品,专精特新,1.2936663684883332,15.0,94.0,"{'theme': 0.2, 'concept': 1.0, 'ladder': 0.9, 'seal': 1.0, 'time': 1.0, 'liq': 1.0, 'struct': 1.0}",涨停组: 环氧丙烷方向/专精特新 2板 封单比16.9% 涨停时间09:30 题材内涨停2家 概念内涨停15家 驱动概念[专精特新] 成交3.6亿,环氧丙烷+化工+装配式建筑,2连板 换手承接量比2.45,"次日竞价与开盘承接: 高开幅度观察区间[-2%,+5%]; 开盘涨幅≤+3%且不破昨收-3%视为买点触发",昨收13.31,高位情绪兑现/次日低开大幅回撤/炸板断板/概念退潮,1
2026-01-21,2026-01-22,defensive,lu,603023.SH,威帝股份,汽车零部件,汽车电子,1.9852157711905738,11.0,82.5,"{'theme': 0.2, 'concept': 1.0, 'ladder': 0.55, 'seal': 0.7, 'time': 1.0, 'liq': 1.0, 'struct': 1.0}",涨停组: 重大资产重组方向/汽车电子 1板 封单比10.4% 涨停时间09:33 题材内涨停2家 概念内涨停11家 驱动概念[汽车电子] 成交4.1亿,重大资产重组+乘用车拓展+无人驾驶+国企改革,1连板 换手承接量比1.01,"次日竞价与开盘承接: 高开幅度观察区间[-2%,+5%]; 开盘涨幅≤+3%且不破昨收-3%视为买点触发",昨收6.11,高位情绪兑现/次日低开大幅回撤/炸板断板/概念退潮,1
2026-01-21,2026-01-22,defensive,nlu,002463.SZ,沪电股份,元件,PCB概念,2.7928383780296606,6.0,91.76953125,"{'sector': 0.9407812500000001, 'trend': 1.0, 'pos': 0.85, 'mom': 0.7, 'liq': 1.0, 'recog': 1.0}","非涨停组: 趋势结构多头(MA20>MA60且上行), 处于活跃板块[元件](当日涨幅分位96%, 板块涨停2家) 驱动概念[PCB概念] 距60日高点11.0% 20日涨幅3.7%",板块[元件]轮动延续/资金承接/概念热度,收盘73.66 MA20上方 量比1.00,"次日开盘[-2%,+3%]为观察区间; 收盘站上max(开盘,昨收)视为买点触发",昨收73.66,板块退潮补跌/概念退潮/资金承接不足/持续阴跌,1
2026-01-22,2026-01-23,normal,lu,002342.SZ,巨力索具,通用设备,商业航天,2.6550221376471006,26.0,92.0,"{'theme': 1.0, 'concept': 1.0, 'ladder': 0.9, 'seal': 1.0, 'time': 1.0, 'liq': 1.0, 'struct': 0.6}",涨停组: 商业航天方向/商业航天 2板 封单比17.3% 涨停时间09:31 题材内涨停8家 概念内涨停26家 驱动概念[商业航天] 成交12.7亿,商业航天+深海系泊+索具龙头,2连板 换手承接量比0.71,"次日竞价与开盘承接: 高开幅度观察区间[-2%,+5%]; 开盘涨幅≤+3%且不破昨收-3%视为买点触发",昨收12.31,高位情绪兑现/次日低开大幅回撤/炸板断板/概念退潮,1
2026-01-22,2026-01-23,normal,lu,601608.SH,中信重工,专用设备,国产航母,3.820108536197697,3.0,86.0,"{'theme': 0.6, 'concept': 0.8, 'ladder': 0.55, 'seal': 1.0, 'time': 1.0, 'liq': 1.0, 'struct': 1.0}",涨停组: 人形机器人方向/国产航母 1板 封单比21.7% 涨停时间09:36 题材内涨停4家 概念内涨停3家 驱动概念[国产航母] 成交7.1亿,人形机器人+商业航天+央企,1连板 换手承接量比1.31,"次日竞价与开盘承接: 高开幅度观察区间[-2%,+5%]; 开盘涨幅≤+3%且不破昨收-3%视为买点触发",昨收8.0,高位情绪兑现/次日低开大幅回撤/炸板断板/概念退潮,1
2026-01-22,2026-01-23,normal,nlu,600601.SH,方正科技,元件,共封装光学(CPO),1.6362953949106585,5.0,91.56640625,"{'sector': 0.93265625, 'trend': 1.0, 'pos': 0.85, 'mom': 0.7, 'liq': 1.0, 'recog': 1.0}","非涨停组: 趋势结构多头(MA20>MA60且上行), 处于活跃板块[元件](当日涨幅分位92%, 板块涨停5家) 驱动概念[共封装光学(CPO)] 距60日高点10.1% 20日涨幅2.7%",板块[元件]轮动延续/资金承接/概念热度,收盘12.52 MA20上方 量比0.99,"次日开盘[-2%,+3%]为观察区间; 收盘站上max(开盘,昨收)视为买点触发",昨收12.52,板块退潮补跌/概念退潮/资金承接不足/持续阴跌,1
2026-01-22,2026-01-23,normal,nlu,600760.SH,中航沈飞,军工装备,大飞机,3.0404763726015194,8.0,87.1953125,"{'sector': 0.8878124999999999, 'trend': 1.0, 'pos': 0.6, 'mom': 1.0, 'liq': 1.0, 'recog': 1.0}","非涨停组: 趋势结构多头(MA20>MA60且上行), 处于活跃板块[军工装备](当日涨幅分位98%, 板块涨停4家) 驱动概念[大飞机] 距60日高点7.1% 20日涨幅12.6%",板块[军工装备]轮动延续/资金承接/概念热度,收盘60.31 MA20上方 量比0.85,"次日开盘[-2%,+3%]为观察区间; 收盘站上max(开盘,昨收)视为买点触发",昨收60.31,板块退潮补跌/概念退潮/资金承接不足/持续阴跌,1
2026-01-23,2026-01-26,aggressive,lu,001316.SZ,润贝航科,石油加工贸易,商业航天,3.658741617787231,30.0,95.0,"{'theme': 1.0, 'concept': 1.0, 'ladder': 0.9, 'seal': 1.0, 'time': 0.85, 'liq': 1.0, 'struct': 1.0}",涨停组: 商业航天方向/商业航天 2板 封单比15.8% 涨停时间10:24 题材内涨停20家 概念内涨停30家 驱动概念[商业航天] 成交3.7亿,商业航天+低空经济+航材分销,2连板 换手承接量比1.27,"次日竞价与开盘承接: 高开幅度观察区间[-2%,+5%]; 开盘涨幅≤+3%且不破昨收-3%视为买点触发",昨收53.0,高位情绪兑现/次日低开大幅回撤/炸板断板/概念退潮,1
2026-01-23,2026-01-26,aggressive,lu,002342.SZ,巨力索具,通用设备,商业航天,3.658741617787231,30.0,94.0,"{'theme': 1.0, 'concept': 1.0, 'ladder': 1.0, 'seal': 1.0, 'time': 1.0, 'liq': 1.0, 'struct': 0.6}",涨停组: 商业航天方向/商业航天 3板 封单比29.9% 涨停时间09:30 题材内涨停20家 概念内涨停30家 驱动概念[商业航天] 成交9.2亿,商业航天+深海系泊+索具龙头,3连板 换手承接量比0.43,"次日竞价与开盘承接: 高开幅度观察区间[-2%,+5%]; 开盘涨幅≤+3%且不破昨收-3%视为买点触发",昨收13.54,高位情绪兑现/次日低开大幅回撤/炸板断板/概念退潮,1
2026-01-26,2026-01-27,defensive,lu,600916.SH,中国黄金,服装家纺,黄金概念,5.021349409083986,18.0,96.0,"{'theme': 0.6, 'concept': 1.0, 'ladder': 0.9, 'seal': 1.0, 'time': 1.0, 'liq': 1.0, 'struct': 1.0}",涨停组: 金价新高方向/黄金概念 2板 封单比17.2% 涨停时间09:42 题材内涨停4家 概念内涨停18家 驱动概念[黄金概念] 成交15.7亿,金价新高+黄金销售+央企,2连板 换手承接量比1.57,"次日竞价与开盘承接: 高开幅度观察区间[-2%,+5%]; 开盘涨幅≤+3%且不破昨收-3%视为买点触发",昨收10.14,高位情绪兑现/次日低开大幅回撤/炸板断板/概念退潮,1
2026-01-26,2026-01-27,defensive,lu,000603.SZ,盛达资源,工业金属,金属铅,6.2205685430882784,10.0,87.5,"{'theme': 1.0, 'concept': 1.0, 'ladder': 0.9, 'seal': 0.7, 'time': 1.0, 'liq': 1.0, 'struct': 0.6}",涨停组: 黄金方向/金属铅 2板 封单比12.0% 涨停时间09:30 题材内涨停6家 概念内涨停10家 驱动概念[金属铅] 成交8.1亿,黄金+白银+并购扩张,2连板 换手承接量比0.37,"次日竞价与开盘承接: 高开幅度观察区间[-2%,+5%]; 开盘涨幅≤+3%且不破昨收-3%视为买点触发",昨收56.65,高位情绪兑现/次日低开大幅回撤/炸板断板/概念退潮,1
2026-01-26,2026-01-27,defensive,nlu,002192.SZ,融捷股份,能源金属,锂电池概念,-1.2536409901560464,8.0,91.0546875,"{'sector': 0.7921875, 'trend': 1.0, 'pos': 0.85, 'mom': 1.0, 'liq': 1.0, 'recog': 1.0}","非涨停组: 趋势结构多头(MA20>MA60且上行), 处于活跃板块[能源金属](当日涨幅分位83%, 板块涨停1家) 驱动概念[锂电池概念] 距60日高点13.1% 20日涨幅13.6%",板块[能源金属]轮动延续/资金承接/概念热度,收盘59.72 MA20上方 量比0.95,"次日开盘[-2%,+3%]为观察区间; 收盘站上max(开盘,昨收)视为买点触发",昨收59.72,板块退潮补跌/概念退潮/资金承接不足/持续阴跌,1
2026-01-27,2026-01-28,defensive,lu,002291.SZ,遥望科技,文化传媒,快手概念,1.8641839009331473,3.0,84.0,"{'theme': 0.2, 'concept': 0.8, 'ladder': 0.55, 'seal': 1.0, 'time': 1.0, 'liq': 1.0, 'struct': 1.0}",涨停组: AI应用方向/快手概念 1板 封单比18.7% 涨停时间09:25 题材内涨停2家 概念内涨停3家 驱动概念[快手概念] 成交12.6亿,AI应用+直播电商+剥离鞋业,1连板 换手承接量比1.02,"次日竞价与开盘承接: 高开幅度观察区间[-2%,+5%]; 开盘涨幅≤+3%且不破昨收-3%视为买点触发",昨收8.28,高位情绪兑现/次日低开大幅回撤/炸板断板/概念退潮,1
2026-01-27,2026-01-28,defensive,lu,003031.SZ,中瓷电子,通信设备,第三代半导体,2.2966764171990617,5.0,84.0,"{'theme': 0.2, 'concept': 1.0, 'ladder': 0.55, 'seal': 1.0, 'time': 0.85, 'liq': 1.0, 'struct': 1.0}",涨停组: 光模块方向/第三代半导体 1板 封单比16.9% 涨停时间10:18 题材内涨停2家 概念内涨停5家 驱动概念[第三代半导体] 成交9.1亿,光模块+SiC芯片+电子陶瓷+央企,1连板 换手承接量比1.21,"次日竞价与开盘承接: 高开幅度观察区间[-2%,+5%]; 开盘涨幅≤+3%且不破昨收-3%视为买点触发",昨收84.79,高位情绪兑现/次日低开大幅回撤/炸板断板/概念退潮,1
2026-01-27,2026-01-28,defensive,nlu,002077.SZ,大港股份,半导体,汽车芯片,3.256676114099144,4.0,94.8984375,"{'sector': 0.9459374999999999, 'trend': 1.0, 'pos': 0.85, 'mom': 1.0, 'liq': 1.0, 'recog': 1.0}","非涨停组: 趋势结构多头(MA20>MA60且上行), 处于活跃板块[半导体](当日涨幅分位98%, 板块涨停6家) 驱动概念[汽车芯片] 距60日高点12.0% 20日涨幅19.9%",板块[半导体]轮动延续/资金承接/概念热度,收盘17.95 MA20上方 量比0.77,"次日开盘[-2%,+3%]为观察区间; 收盘站上max(开盘,昨收)视为买点触发",昨收17.95,板块退潮补跌/概念退潮/资金承接不足/持续阴跌,1
2026-01-28,2026-01-29,defensive,lu,601388.SH,怡球资源,工业金属,金属回收,3.515146590632079,14.0,91.0,"{'theme': 1.0, 'concept': 1.0, 'ladder': 0.55, 'seal': 1.0, 'time': 1.0, 'liq': 1.0, 'struct': 1.0}",涨停组: 2025年报预增方向/金属回收 1板 封单比24.0% 涨停时间09:34 题材内涨停10家 概念内涨停14家 驱动概念[金属回收] 成交4.5亿,2025年报预增+再生铝龙头+汽车拆解,1连板 换手承接量比0.98,"次日竞价与开盘承接: 高开幅度观察区间[-2%,+5%]; 开盘涨幅≤+3%且不破昨收-3%视为买点触发",昨收3.97,高位情绪兑现/次日低开大幅回撤/炸板断板/概念退潮,1
2026-01-28,2026-01-29,defensive,lu,000573.SZ,粤宏远A,房地产,金属铅,6.924664999246244,16.0,88.0,"{'theme': 1.0, 'concept': 1.0, 'ladder': 0.55, 'seal': 1.0, 'time': 0.85, 'liq': 1.0, 'struct': 1.0}",涨停组: 2025年报预增方向/金属铅 1板 封单比33.5% 涨停时间10:19 题材内涨停10家 概念内涨停16家 驱动概念[金属铅] 成交4.9亿,2025年报预增+金属铅+东莞地产,1连板 换手承接量比2.77,"次日竞价与开盘承接: 高开幅度观察区间[-2%,+5%]; 开盘涨幅≤+3%且不破昨收-3%视为买点触发",昨收4.85,高位情绪兑现/次日低开大幅回撤/炸板断板/概念退潮,1
2026-01-28,2026-01-29,defensive,nlu,002171.SZ,楚江新材,工业金属,金属铜,4.913995318032627,20.0,89.39453125,"{'sector': 0.97578125, 'trend': 1.0, 'pos': 0.6, 'mom': 1.0, 'liq': 1.0, 'recog': 1.0}","非涨停组: 趋势结构多头(MA20>MA60且上行), 处于活跃板块[工业金属](当日涨幅分位97%, 板块涨停19家) 驱动概念[金属铜] 距60日高点9.2% 20日涨幅9.1%",板块[工业金属]轮动延续/资金承接/概念热度,收盘14.34 MA20上方 量比0.99,"次日开盘[-2%,+3%]为观察区间; 收盘站上max(开盘,昨收)视为买点触发",昨收14.34,板块退潮补跌/概念退潮/资金承接不足/持续阴跌,1
2026-01-29,2026-01-30,defensive,lu,603958.SH,哈森股份,服装家纺,DeepSeek概念,0.04227277585380218,6.0,81.25,"{'theme': 0.2, 'concept': 1.0, 'ladder': 0.9, 'seal': 0.15, 'time': 1.0, 'liq': 1.0, 'struct': 1.0}",涨停组: 机器人方向/DeepSeek概念 2板 封单比1.8% 涨停时间09:31 题材内涨停2家 概念内涨停6家 驱动概念[DeepSeek概念] 成交5.5亿,机器人+消费电子+钛合金粉+重组进展,2连板 换手承接量比1.87,"次日竞价与开盘承接: 高开幅度观察区间[-2%,+5%]; 开盘涨幅≤+3%且不破昨收-3%视为买点触发",昨收17.38,高位情绪兑现/次日低开大幅回撤/炸板断板/概念退潮,1
2026-01-29,2026-01-30,defensive,lu,000995.SZ,皇台酒业,白酒,白酒概念,5.233827511055655,20.0,81.0,"{'theme': 1.0, 'concept': 1.0, 'ladder': 0.55, 'seal': 1.0, 'time': 0.5, 'liq': 1.0, 'struct': 1.0}",涨停组: 白酒方向/白酒概念 1板 封单比34.1% 涨停时间13:26 题材内涨停16家 概念内涨停20家 驱动概念[白酒概念] 成交3.6亿,白酒+区域强牌+控股股东增持,1连板 换手承接量比2.33,"次日竞价与开盘承接: 高开幅度观察区间[-2%,+5%]; 开盘涨幅≤+3%且不破昨收-3%视为买点触发",昨收14.48,高位情绪兑现/次日低开大幅回撤/炸板断板/概念退潮,1
2026-01-29,2026-01-30,defensive,nlu,002291.SZ,遥望科技,文化传媒,小红书概念,3.7518677340589557,3.0,95.05078125,"{'sector': 0.9520312500000001, 'trend': 1.0, 'pos': 0.85, 'mom': 1.0, 'liq': 1.0, 'recog': 1.0}","非涨停组: 趋势结构多头(MA20>MA60且上行), 处于活跃板块[文化传媒](当日涨幅分位96%, 板块涨停6家) 驱动概念[小红书概念] 距60日高点13.9% 20日涨幅27.2%",板块[文化传媒]轮动延续/资金承接/概念热度,收盘7.99 MA20上方 量比1.15,"次日开盘[-2%,+3%]为观察区间; 收盘站上max(开盘,昨收)视为买点触发",昨收7.99,板块退潮补跌/概念退潮/资金承接不足/持续阴跌,1
2026-01-30,2026-02-02,defensive,lu,002137.SZ,实益达,光学光电子,汽车电子,0.42282526668455667,5.0,76.0,"{'theme': 0.8, 'concept': 1.0, 'ladder': 0.55, 'seal': 1.0, 'time': 0.3, 'liq': 1.0, 'struct': 1.0}",涨停组: 业绩预增方向/汽车电子 1板 封单比35.7% 涨停时间14:12 题材内涨停5家 概念内涨停5家 驱动概念[汽车电子] 成交4.5亿,业绩预增+半导体设备+汽车电子,1连板 换手承接量比1.55,"次日竞价与开盘承接: 高开幅度观察区间[-2%,+5%]; 开盘涨幅≤+3%且不破昨收-3%视为买点触发",昨收10.14,高位情绪兑现/次日低开大幅回撤/炸板断板/概念退潮,1
2026-01-30,2026-02-02,defensive,nlu,003031.SZ,中瓷电子,通信设备,共封装光学(CPO),2.0433277877422107,4.0,93.68359375,"{'sector': 0.8973437500000001, 'trend': 1.0, 'pos': 0.85, 'mom': 1.0, 'liq': 1.0, 'recog': 1.0}","非涨停组: 趋势结构多头(MA20>MA60且上行), 处于活跃板块[通信设备](当日涨幅分位95%, 板块涨停5家) 驱动概念[共封装光学(CPO)] 距60日高点10.5% 20日涨幅8.3%",板块[通信设备]轮动延续/资金承接/概念热度,收盘79.01 MA20上方 量比1.10,"次日开盘[-2%,+3%]为观察区间; 收盘站上max(开盘,昨收)视为买点触发",昨收79.01,板块退潮补跌/概念退潮/资金承接不足/持续阴跌,1
2026-02-02,2026-02-03,defensive,lu,601616.SH,广电电气,电网设备,智能电网,-0.10832777459159892,12.0,87.0,"{'theme': 0.8, 'concept': 1.0, 'ladder': 0.55, 'seal': 1.0, 'time': 0.85, 'liq': 1.0, 'struct': 1.0}",涨停组: 电网设备方向/智能电网 1板 封单比19.1% 涨停时间09:57 题材内涨停5家 概念内涨停12家 驱动概念[智能电网] 成交6.1亿,电网设备+数据中心+变压器,1连板 换手承接量比1.08,"次日竞价与开盘承接: 高开幅度观察区间[-2%,+5%]; 开盘涨幅≤+3%且不破昨收-3%视为买点触发",昨收5.39,高位情绪兑现/次日低开大幅回撤/炸板断板/概念退潮,1
2026-02-02,2026-02-03,defensive,lu,002606.SZ,大连电瓷,电网设备,柔性直流输电,1.7933498220994881,8.0,86.0,"{'theme': 0.6, 'concept': 1.0, 'ladder': 0.55, 'seal': 1.0, 'time': 0.85, 'liq': 1.0, 'struct': 1.0}",涨停组: 特高压方向/柔性直流输电 1板 封单比21.2% 涨停时间10:00 题材内涨停4家 概念内涨停8家 驱动概念[柔性直流输电] 成交5.8亿,特高压+电网设备+海外订单+江西二期,1连板 换手承接量比1.18,"次日竞价与开盘承接: 高开幅度观察区间[-2%,+5%]; 开盘涨幅≤+3%且不破昨收-3%视为买点触发",昨收11.8,高位情绪兑现/次日低开大幅回撤/炸板断板/概念退潮,1
2026-02-03,2026-02-04,normal,lu,600266.SH,城建发展,房地产,商业航天,3.9546360333876374,23.0,85.0,"{'theme': 1.0, 'concept': 1.0, 'ladder': 0.55, 'seal': 1.0, 'time': 1.0, 'liq': 1.0, 'struct': 0.6}",涨停组: 商业航天方向/商业航天 1板 封单比38.5% 涨停时间09:25 题材内涨停10家 概念内涨停23家 驱动概念[商业航天] 成交3.3亿,商业航天+北京国资+房地产,1连板 换手承接量比0.61,"次日竞价与开盘承接: 高开幅度观察区间[-2%,+5%]; 开盘涨幅≤+3%且不破昨收-3%视为买点触发",昨收6.0,高位情绪兑现/次日低开大幅回撤/炸板断板/概念退潮,1
2026-02-03,2026-02-04,normal,lu,001316.SZ,润贝航科,石油加工贸易,航空发动机,4.2849575945306695,7.0,84.0,"{'theme': 1.0, 'concept': 1.0, 'ladder': 0.55, 'seal': 1.0, 'time': 0.85, 'liq': 0.6, 'struct': 1.0}",涨停组: 商业航天方向/航空发动机 1板 封单比43.8% 涨停时间10:00 题材内涨停10家 概念内涨停7家 驱动概念[航空发动机] 成交2.9亿,商业航天+业绩预增+低空经济,1连板 换手承接量比0.84,"次日竞价与开盘承接: 高开幅度观察区间[-2%,+5%]; 开盘涨幅≤+3%且不破昨收-3%视为买点触发",昨收56.33,高位情绪兑现/次日低开大幅回撤/炸板断板/概念退潮,1
2026-02-04,2026-02-05,normal,lu,000723.SZ,美锦能源,煤炭开采加工,煤炭概念,4.220230650627821,14.0,88.0,"{'theme': 1.0, 'concept': 1.0, 'ladder': 0.55, 'seal': 1.0, 'time': 0.85, 'liq': 1.0, 'struct': 1.0}",涨停组: 煤炭方向/煤炭概念 1板 封单比17.6% 涨停时间10:04 题材内涨停6家 概念内涨停14家 驱动概念[煤炭概念] 成交10.9亿,煤炭+氢能,1连板 换手承接量比1.11,"次日竞价与开盘承接: 高开幅度观察区间[-2%,+5%]; 开盘涨幅≤+3%且不破昨收-3%视为买点触发",昨收5.17,高位情绪兑现/次日低开大幅回撤/炸板断板/概念退潮,1
2026-02-04,2026-02-05,normal,lu,600188.SH,兖矿能源,煤炭开采加工,煤炭概念,4.220230650627821,14.0,86.5,"{'theme': 1.0, 'concept': 1.0, 'ladder': 0.55, 'seal': 0.7, 'time': 1.0, 'liq': 1.0, 'struct': 1.0}",涨停组: 煤炭方向/煤炭概念 1板 封单比9.4% 涨停时间09:36 题材内涨停6家 概念内涨停14家 驱动概念[煤炭概念] 成交17.2亿,煤炭+产能扩张+国企改革,1连板 换手承接量比1.43,"次日竞价与开盘承接: 高开幅度观察区间[-2%,+5%]; 开盘涨幅≤+3%且不破昨收-3%视为买点触发",昨收15.27,高位情绪兑现/次日低开大幅回撤/炸板断板/概念退潮,1
2026-02-05,2026-02-06,defensive,lu,603103.SH,横店影视,影视院线,短剧游戏,1.142859709783317,4.0,82.5,"{'theme': 0.2, 'concept': 1.0, 'ladder': 0.55, 'seal': 0.7, 'time': 1.0, 'liq': 1.0, 'struct': 1.0}",涨停组: 春节档方向/短剧游戏 1板 封单比9.7% 涨停时间09:36 题材内涨停2家 概念内涨停4家 驱动概念[短剧游戏] 成交9.0亿,春节档+影视院线+AI漫剧,1连板 换手承接量比1.41,"次日竞价与开盘承接: 高开幅度观察区间[-2%,+5%]; 开盘涨幅≤+3%且不破昨收-3%视为买点触发",昨收31.66,高位情绪兑现/次日低开大幅回撤/炸板断板/概念退潮,1
2026-02-05,2026-02-06,defensive,lu,002905.SZ,金逸影视,影视院线,文化传媒概念,0.7450590850448968,6.0,81.0,"{'theme': 0.2, 'concept': 1.0, 'ladder': 0.55, 'seal': 1.0, 'time': 0.7, 'liq': 1.0, 'struct': 1.0}",涨停组: 春节档方向/文化传媒概念 1板 封单比36.4% 涨停时间11:03 题材内涨停2家 概念内涨停6家 驱动概念[文化传媒概念] 成交3.6亿,春节档+票房增长+扭亏为盈,1连板 换手承接量比0.93,"次日竞价与开盘承接: 高开幅度观察区间[-2%,+5%]; 开盘涨幅≤+3%且不破昨收-3%视为买点触发",昨收13.33,高位情绪兑现/次日低开大幅回撤/炸板断板/概念退潮,1
2026-02-06,2026-02-09,normal,lu,002339.SZ,积成电子,电网设备,动力电池回收,1.5269318390112252,5.0,82.5,"{'theme': 0.2, 'concept': 1.0, 'ladder': 0.55, 'seal': 0.7, 'time': 1.0, 'liq': 1.0, 'struct': 1.0}",涨停组: 电网设备方向/动力电池回收 1板 封单比13.3% 涨停时间09:36 题材内涨停2家 概念内涨停5家 驱动概念[动力电池回收] 成交8.2亿,电网设备+中标+特高压,1连板 换手承接量比0.91,"次日竞价与开盘承接: 高开幅度观察区间[-2%,+5%]; 开盘涨幅≤+3%且不破昨收-3%视为买点触发",昨收12.76,高位情绪兑现/次日低开大幅回撤/炸板断板/概念退潮,1
2026-02-06,2026-02-09,normal,lu,605488.SH,福莱新材,塑料制品,人形机器人,0.7322195604123838,6.0,82.5,"{'theme': 0.8, 'concept': 1.0, 'ladder': 0.55, 'seal': 0.7, 'time': 0.85, 'liq': 1.0, 'struct': 1.0}",涨停组: 人形机器人方向/人形机器人 1板 封单比8.4% 涨停时间10:30 题材内涨停5家 概念内涨停6家 驱动概念[人形机器人] 成交8.0亿,人形机器人+10万套订单+柔性传感器,1连板 换手承接量比1.50,"次日竞价与开盘承接: 高开幅度观察区间[-2%,+5%]; 开盘涨幅≤+3%且不破昨收-3%视为买点触发",昨收43.05,高位情绪兑现/次日低开大幅回撤/炸板断板/概念退潮,1
2026-02-09,2026-02-10,aggressive,lu,002534.SZ,西子洁能,其他电源设备,钙钛矿电池,3.868875320762366,10.0,84.0,"{'theme': 0.2, 'concept': 1.0, 'ladder': 0.55, 'seal': 1.0, 'time': 0.85, 'liq': 1.0, 'struct': 1.0}",涨停组: 可控核聚变方向/钙钛矿电池 1板 封单比37.2% 涨停时间09:47 题材内涨停2家 概念内涨停10家 驱动概念[钙钛矿电池] 成交4.1亿,可控核聚变+余热锅炉+数据中心+光热储能,1连板 换手承接量比1.11,"次日竞价与开盘承接: 高开幅度观察区间[-2%,+5%]; 开盘涨幅≤+3%且不破昨收-3%视为买点触发",昨收19.54,高位情绪兑现/次日低开大幅回撤/炸板断板/概念退潮,1
2026-02-09,2026-02-10,aggressive,lu,002440.SZ,闰土股份,化学制品,染料,4.700595542584862,6.0,83.5,"{'theme': 0.2, 'concept': 1.0, 'ladder': 0.9, 'seal': 0.7, 'time': 1.0, 'liq': 1.0, 'struct': 0.6}",涨停组: 染料涨价方向/染料 2板 封单比8.2% 涨停时间09:32 题材内涨停2家 概念内涨停6家 驱动概念[染料] 成交7.3亿,染料涨价+年报预增+半导体投资,2连板 换手承接量比0.51,"次日竞价与开盘承接: 高开幅度观察区间[-2%,+5%]; 开盘涨幅≤+3%且不破昨收-3%视为买点触发",昨收14.53,高位情绪兑现/次日低开大幅回撤/炸板断板/概念退潮,1
2026-02-10,2026-02-11,normal,lu,001330.SZ,博纳影业,影视院线,短剧游戏,5.315083700064349,20.0,89.0,"{'theme': 0.4, 'concept': 1.0, 'ladder': 0.9, 'seal': 1.0, 'time': 1.0, 'liq': 1.0, 'struct': 0.6}",涨停组: AI短剧方向/短剧游戏 2板 封单比43.9% 涨停时间09:32 题材内涨停3家 概念内涨停20家 驱动概念[短剧游戏] 成交10.2亿,AI短剧+春节档IP+影视院线,2连板 换手承接量比0.52,"次日竞价与开盘承接: 高开幅度观察区间[-2%,+5%]; 开盘涨幅≤+3%且不破昨收-3%视为买点触发",昨收12.47,高位情绪兑现/次日低开大幅回撤/炸板断板/概念退潮,1
2026-02-10,2026-02-11,normal,lu,600715.SH,文投控股,影视院线,短剧游戏,5.315083700064349,20.0,88.0,"{'theme': 0.4, 'concept': 1.0, 'ladder': 0.55, 'seal': 1.0, 'time': 1.0, 'liq': 1.0, 'struct': 1.0}",涨停组: AI漫剧方向/短剧游戏 1板 封单比15.9% 涨停时间09:35 题材内涨停3家 概念内涨停20家 驱动概念[短剧游戏] 成交3.9亿,AI漫剧+小程序游戏+北京国资,1连板 换手承接量比1.93,"次日竞价与开盘承接: 高开幅度观察区间[-2%,+5%]; 开盘涨幅≤+3%且不破昨收-3%视为买点触发",昨收2.61,高位情绪兑现/次日低开大幅回撤/炸板断板/概念退潮,1
2026-02-11,2026-02-12,defensive,lu,002842.SZ,翔鹭钨业,小金属,金属铜,2.0318182721039246,6.0,81.0,"{'theme': 0.2, 'concept': 1.0, 'ladder': 0.55, 'seal': 1.0, 'time': 1.0, 'liq': 1.0, 'struct': 0.6}",涨停组: 钨价上涨方向/金属铜 1板 封单比22.9% 涨停时间09:39 题材内涨停2家 概念内涨停6家 驱动概念[金属铜] 成交8.4亿,钨价上涨+光伏钨丝+年报预增,1连板 换手承接量比0.50,"次日竞价与开盘承接: 高开幅度观察区间[-2%,+5%]; 开盘涨幅≤+3%且不破昨收-3%视为买点触发",昨收35.01,高位情绪兑现/次日低开大幅回撤/炸板断板/概念退潮,1
2026-02-11,2026-02-12,defensive,lu,002378.SZ,章源钨业,小金属,金属铜,2.0318182721039246,6.0,72.0,"{'theme': 0.2, 'concept': 1.0, 'ladder': 0.55, 'seal': 0.4, 'time': 1.0, 'liq': 1.0, 'struct': 0.6}",涨停组: 钨价上涨方向/金属铜 1板 封单比6.3% 涨停时间09:44 题材内涨停2家 概念内涨停6家 驱动概念[金属铜] 成交16.2亿,钨价上涨+钨产业链+商业航天+业绩预增,1连板 换手承接量比0.75,"次日竞价与开盘承接: 高开幅度观察区间[-2%,+5%]; 开盘涨幅≤+3%且不破昨收-3%视为买点触发",昨收27.64,高位情绪兑现/次日低开大幅回撤/炸板断板/概念退潮,1
2026-02-12,2026-02-13,defensive,lu,605006.SH,山东玻纤,建筑材料,PCB概念,1.0731207891678585,4.0,89.5,"{'theme': 0.2, 'concept': 1.0, 'ladder': 0.9, 'seal': 0.7, 'time': 1.0, 'liq': 1.0, 'struct': 1.0}",涨停组: 涨价方向/PCB概念 2板 封单比10.9% 涨停时间09:41 题材内涨停2家 概念内涨停4家 驱动概念[PCB概念] 成交6.4亿,涨价+玻纤+山东国资,2连板 换手承接量比2.12,"次日竞价与开盘承接: 高开幅度观察区间[-2%,+5%]; 开盘涨幅≤+3%且不破昨收-3%视为买点触发",昨收10.2,高位情绪兑现/次日低开大幅回撤/炸板断板/概念退潮,1
2026-02-12,2026-02-13,defensive,lu,002975.SZ,博杰股份,自动化设备,液冷服务器,2.8553217805548536,11.0,88.0,"{'theme': 1.0, 'concept': 1.0, 'ladder': 0.55, 'seal': 1.0, 'time': 0.85, 'liq': 1.0, 'struct': 1.0}",涨停组: 液冷服务器方向/液冷服务器 1板 封单比22.2% 涨停时间10:00 题材内涨停6家 概念内涨停11家 驱动概念[液冷服务器] 成交6.9亿,液冷服务器+AI服务器测试+人形机器人+业绩预增,1连板 换手承接量比1.73,"次日竞价与开盘承接: 高开幅度观察区间[-2%,+5%]; 开盘涨幅≤+3%且不破昨收-3%视为买点触发",昨收83.03,高位情绪兑现/次日低开大幅回撤/炸板断板/概念退潮,1
2026-02-24,2026-02-25,aggressive,lu,002498.SZ,汉缆股份,电网设备,柔性直流输电,3.7449561142842924,5.0,92.5,"{'theme': 0.4, 'concept': 1.0, 'ladder': 1.0, 'seal': 0.7, 'time': 1.0, 'liq': 1.0, 'struct': 1.0}",涨停组: 特高压方向/柔性直流输电 3板 封单比10.1% 涨停时间09:31 题材内涨停3家 概念内涨停5家 驱动概念[柔性直流输电] 成交17.7亿,特高压+海上风电+电网设备,3连板 换手承接量比1.22,"次日竞价与开盘承接: 高开幅度观察区间[-2%,+5%]; 开盘涨幅≤+3%且不破昨收-3%视为买点触发",昨收7.45,高位情绪兑现/次日低开大幅回撤/炸板断板/概念退潮,1
2026-02-24,2026-02-25,aggressive,lu,002828.SZ,贝肯能源,油气开采及服务,页岩气,5.344849508060068,6.0,90.0,"{'theme': 0.8, 'concept': 1.0, 'ladder': 0.55, 'seal': 1.0, 'time': 1.0, 'liq': 1.0, 'struct': 1.0}",涨停组: 油气开采方向/页岩气 1板 封单比21.1% 涨停时间09:33 题材内涨停5家 概念内涨停6家 驱动概念[页岩气] 成交3.5亿,油气开采+海外权益+地缘冲突,1连板 换手承接量比1.43,"次日竞价与开盘承接: 高开幅度观察区间[-2%,+5%]; 开盘涨幅≤+3%且不破昨收-3%视为买点触发",昨收13.89,高位情绪兑现/次日低开大幅回撤/炸板断板/概念退潮,1
2026-02-25,2026-02-26,aggressive,lu,002428.SZ,云南锗业,小金属,小金属概念,3.999529356275011,16.0,87.0,"{'theme': 0.2, 'concept': 1.0, 'ladder': 0.55, 'seal': 1.0, 'time': 1.0, 'liq': 1.0, 'struct': 1.0}",涨停组: 商业航天方向/小金属概念 1板 封单比20.6% 涨停时间09:31 题材内涨停2家 概念内涨停16家 驱动概念[小金属概念] 成交14.7亿,商业航天+锗晶片+小金属,1连板 换手承接量比1.02,"次日竞价与开盘承接: 高开幅度观察区间[-2%,+5%]; 开盘涨幅≤+3%且不破昨收-3%视为买点触发",昨收40.35,高位情绪兑现/次日低开大幅回撤/炸板断板/概念退潮,1
2026-02-25,2026-02-26,aggressive,lu,000545.SZ,金浦钛业,化学原料,钛白粉概念,4.853775550441575,3.0,83.5,"{'theme': 0.2, 'concept': 0.8, 'ladder': 0.9, 'seal': 0.7, 'time': 0.85, 'liq': 1.0, 'struct': 1.0}",涨停组: 钛白粉方向/钛白粉概念 2板 封单比8.5% 涨停时间10:09 题材内涨停2家 概念内涨停3家 驱动概念[钛白粉概念] 成交5.4亿,钛白粉+减产+转型橡胶,2连板 换手承接量比2.10,"次日竞价与开盘承接: 高开幅度观察区间[-2%,+5%]; 开盘涨幅≤+3%且不破昨收-3%视为买点触发",昨收3.42,高位情绪兑现/次日低开大幅回撤/炸板断板/概念退潮,1
2026-02-26,2026-02-27,normal,lu,002272.SZ,川润股份,通用设备,液冷服务器,2.7271156810794617,7.0,79.5,"{'theme': 0.2, 'concept': 1.0, 'ladder': 0.55, 'seal': 0.7, 'time': 0.85, 'liq': 1.0, 'struct': 1.0}",涨停组: 液冷服务器方向/液冷服务器 1板 封单比10.2% 涨停时间10:19 题材内涨停2家 概念内涨停7家 驱动概念[液冷服务器] 成交15.4亿,液冷服务器+北美订单+绿色算力,1连板 换手承接量比1.17,"次日竞价与开盘承接: 高开幅度观察区间[-2%,+5%]; 开盘涨幅≤+3%且不破昨收-3%视为买点触发",昨收19.21,高位情绪兑现/次日低开大幅回撤/炸板断板/概念退潮,1
2026-02-26,2026-02-27,normal,lu,001400.SZ,江顺科技,专用设备,液冷服务器,2.7271156810794617,7.0,74.0,"{'theme': 0.4, 'concept': 1.0, 'ladder': 0.55, 'seal': 1.0, 'time': 0.5, 'liq': 0.6, 'struct': 1.0}",涨停组: 商业航天方向/液冷服务器 1板 封单比26.5% 涨停时间13:01 题材内涨停3家 概念内涨停7家 驱动概念[液冷服务器] 成交2.8亿,商业航天+3D打印+液冷+铝挤压模具,1连板 换手承接量比1.33,"次日竞价与开盘承接: 高开幅度观察区间[-2%,+5%]; 开盘涨幅≤+3%且不破昨收-3%视为买点触发",昨收116.12,高位情绪兑现/次日低开大幅回撤/炸板断板/概念退潮,1
2026-02-26,2026-02-27,normal,nlu,002703.SZ,浙江世宝,汽车零部件,汽车电子,1.541223310405604,9.0,88.984375,"{'sector': 0.7093750000000001, 'trend': 1.0, 'pos': 0.85, 'mom': 1.0, 'liq': 1.0, 'recog': 1.0}","非涨停组: 趋势结构多头(MA20>MA60且上行), 处于活跃板块[汽车零部件](当日涨幅分位66%, 板块涨停3家) 驱动概念[汽车电子] 距60日高点12.6% 20日涨幅11.9%",板块[汽车零部件]轮动延续/资金承接/概念热度,收盘25.05 MA20上方 量比1.00,"次日开盘[-2%,+3%]为观察区间; 收盘站上max(开盘,昨收)视为买点触发",昨收25.05,板块退潮补跌/概念退潮/资金承接不足/持续阴跌,1
2026-02-26,2026-02-27,normal,nlu,600549.SH,厦门钨业,小金属,可控核聚变,1.7063815274115823,6.0,86.6640625,"{'sector': 0.8665625000000001, 'trend': 1.0, 'pos': 0.6, 'mom': 1.0, 'liq': 1.0, 'recog': 1.0}","非涨停组: 趋势结构多头(MA20>MA60且上行), 处于活跃板块[小金属](当日涨幅分位77%, 板块涨停2家) 驱动概念[可控核聚变] 距60日高点7.8% 20日涨幅8.1%",板块[小金属]轮动延续/资金承接/概念热度,收盘63.37 MA20上方 量比1.17,"次日开盘[-2%,+3%]为观察区间; 收盘站上max(开盘,昨收)视为买点触发",昨收63.37,板块退潮补跌/概念退潮/资金承接不足/持续阴跌,1
2026-02-27,2026-03-02,aggressive,lu,600744.SH,华银电力,电力,超超临界发电,2.608367540619949,5.0,89.5,"{'theme': 0.2, 'concept': 1.0, 'ladder': 0.9, 'seal': 0.7, 'time': 1.0, 'liq': 1.0, 'struct': 1.0}",涨停组: 电力方向/超超临界发电 2板 封单比10.6% 涨停时间09:31 题材内涨停2家 概念内涨停5家 驱动概念[超超临界发电] 成交17.6亿,电力+年报预增+央企,2连板 换手承接量比1.81,"次日竞价与开盘承接: 高开幅度观察区间[-2%,+5%]; 开盘涨幅≤+3%且不破昨收-3%视为买点触发",昨收7.94,高位情绪兑现/次日低开大幅回撤/炸板断板/概念退潮,1
2026-02-27,2026-03-02,aggressive,lu,002182.SZ,宝武镁业,小金属,小金属概念,3.51621161454696,15.0,87.0,"{'theme': 0.2, 'concept': 1.0, 'ladder': 0.55, 'seal': 1.0, 'time': 1.0, 'liq': 1.0, 'struct': 1.0}",涨停组: 小金属方向/小金属概念 1板 封单比16.8% 涨停时间09:42 题材内涨停2家 概念内涨停15家 驱动概念[小金属概念] 成交6.7亿,小金属+人形机器人+商业航天+央企,1连板 换手承接量比1.00,"次日竞价与开盘承接: 高开幅度观察区间[-2%,+5%]; 开盘涨幅≤+3%且不破昨收-3%视为买点触发",昨收21.79,高位情绪兑现/次日低开大幅回撤/炸板断板/概念退潮,1
2026-03-02,2026-03-03,defensive,lu,600227.SH,赤天化,农化制品,煤化工概念,1.8102473096293537,8.0,85.0,"{'theme': 0.4, 'concept': 1.0, 'ladder': 0.55, 'seal': 1.0, 'time': 0.85, 'liq': 1.0, 'struct': 1.0}",涨停组: 甲醇方向/煤化工概念 1板 封单比15.4% 涨停时间09:47 题材内涨停3家 概念内涨停8家 驱动概念[煤化工概念] 成交4.7亿,甲醇+化工+煤炭+化肥,1连板 换手承接量比1.04,"次日竞价与开盘承接: 高开幅度观察区间[-2%,+5%]; 开盘涨幅≤+3%且不破昨收-3%视为买点触发",昨收3.17,高位情绪兑现/次日低开大幅回撤/炸板断板/概念退潮,1
2026-03-02,2026-03-03,defensive,lu,603353.SH,和顺石油,石油加工贸易,俄乌冲突概念,5.229179892051916,22.0,85.0,"{'theme': 0.2, 'concept': 1.0, 'ladder': 0.9, 'seal': 0.4, 'time': 1.0, 'liq': 1.0, 'struct': 1.0}",涨停组: 成品油方向/俄乌冲突概念 2板 封单比3.5% 涨停时间09:30 题材内涨停2家 概念内涨停22家 驱动概念[俄乌冲突概念] 成交9.4亿,成品油+铜官油库+拟收购奎芯+超快充,2连板 换手承接量比2.06,"次日竞价与开盘承接: 高开幅度观察区间[-2%,+5%]; 开盘涨幅≤+3%且不破昨收-3%视为买点触发",昨收46.34,高位情绪兑现/次日低开大幅回撤/炸板断板/概念退潮,1
2026-03-02,2026-03-03,defensive,nlu,603077.SH,和邦生物,农化制品,金属锌,3.2297022736952785,4.0,86.05859375,"{'sector': 0.84234375, 'trend': 1.0, 'pos': 0.6, 'mom': 1.0, 'liq': 1.0, 'recog': 1.0}","非涨停组: 趋势结构多头(MA20>MA60且上行), 处于活跃板块[农化制品](当日涨幅分位77%, 板块涨停3家) 驱动概念[金属锌] 距60日高点5.2% 20日涨幅9.3%",板块[农化制品]轮动延续/资金承接/概念热度,收盘2.94 MA20上方 量比1.02,"次日开盘[-2%,+3%]为观察区间; 收盘站上max(开盘,昨收)视为买点触发",昨收2.94,板块退潮补跌/概念退潮/资金承接不足/持续阴跌,1
2026-03-03,2026-03-04,defensive,lu,002828.SZ,贝肯能源,油气开采及服务,页岩气,5.981593422178322,16.0,96.0,"{'theme': 0.6, 'concept': 1.0, 'ladder': 0.9, 'seal': 1.0, 'time': 1.0, 'liq': 1.0, 'struct': 1.0}",涨停组: 油气开采方向/页岩气 2板 封单比15.1% 涨停时间09:30 题材内涨停4家 概念内涨停16家 驱动概念[页岩气] 成交4.0亿,油气开采+海外权益,2连板 换手承接量比0.85,"次日竞价与开盘承接: 高开幅度观察区间[-2%,+5%]; 开盘涨幅≤+3%且不破昨收-3%视为买点触发",昨收16.37,高位情绪兑现/次日低开大幅回撤/炸板断板/概念退潮,1
2026-03-03,2026-03-04,defensive,lu,000968.SZ,蓝焰控股,油气开采及服务,天然气,4.293827927864879,49.0,93.5,"{'theme': 1.0, 'concept': 1.0, 'ladder': 0.9, 'seal': 0.7, 'time': 1.0, 'liq': 1.0, 'struct': 1.0}",涨停组: 天然气方向/天然气 2板 封单比8.7% 涨停时间09:30 题材内涨停18家 概念内涨停49家 驱动概念[天然气] 成交9.2亿,天然气+煤层气+山西国资,2连板 换手承接量比1.47,"次日竞价与开盘承接: 高开幅度观察区间[-2%,+5%]; 开盘涨幅≤+3%且不破昨收-3%视为买点触发",昨收10.41,高位情绪兑现/次日低开大幅回撤/炸板断板/概念退潮,1
2026-03-03,2026-03-04,defensive,nlu,601619.SH,嘉泽新能,电力,碳交易,-1.790080939005123,7.0,81.734375,"{'sector': 0.669375, 'trend': 1.0, 'pos': 0.6, 'mom': 1.0, 'liq': 1.0, 'recog': 1.0}","非涨停组: 趋势结构多头(MA20>MA60且上行), 处于活跃板块[电力](当日涨幅分位81%, 板块涨停0家) 驱动概念[碳交易] 距60日高点5.8% 20日涨幅18.4%",板块[电力]轮动延续/资金承接/概念热度,收盘6.65 MA20上方 量比0.91,"次日开盘[-2%,+3%]为观察区间; 收盘站上max(开盘,昨收)视为买点触发",昨收6.65,板块退潮补跌/概念退潮/资金承接不足/持续阴跌,1
2026-03-04,2026-03-05,defensive,lu,002339.SZ,积成电子,电网设备,特高压,2.3615358737537395,8.0,82.0,"{'theme': 0.4, 'concept': 1.0, 'ladder': 0.55, 'seal': 1.0, 'time': 1.0, 'liq': 1.0, 'struct': 0.6}",涨停组: 电网设备方向/特高压 1板 封单比29.8% 涨停时间09:36 题材内涨停3家 概念内涨停8家 驱动概念[特高压] 成交3.5亿,电网设备+中标+特高压,1连板 换手承接量比0.77,"次日竞价与开盘承接: 高开幅度观察区间[-2%,+5%]; 开盘涨幅≤+3%且不破昨收-3%视为买点触发",昨收11.54,高位情绪兑现/次日低开大幅回撤/炸板断板/概念退潮,1
2026-03-04,2026-03-05,defensive,lu,603530.SH,神马电力,电网设备,柔性直流输电,2.967483083039224,3.0,77.5,"{'theme': 0.4, 'concept': 0.8, 'ladder': 0.55, 'seal': 0.7, 'time': 0.85, 'liq': 1.0, 'struct': 1.0}",涨停组: 特高压方向/柔性直流输电 1板 封单比11.2% 涨停时间09:57 题材内涨停3家 概念内涨停3家 驱动概念[柔性直流输电] 成交10.2亿,特高压+越南建厂+电网设备,1连板 换手承接量比1.12,"次日竞价与开盘承接: 高开幅度观察区间[-2%,+5%]; 开盘涨幅≤+3%且不破昨收-3%视为买点触发",昨收67.21,高位情绪兑现/次日低开大幅回撤/炸板断板/概念退潮,1
2026-03-04,2026-03-05,defensive,nlu,601877.SH,正泰电器,电网设备,智能电网,2.0411324566005584,13.0,89.08984375,"{'sector': 0.96359375, 'trend': 1.0, 'pos': 0.6, 'mom': 1.0, 'liq': 1.0, 'recog': 1.0}","非涨停组: 趋势结构多头(MA20>MA60且上行), 处于活跃板块[电网设备](当日涨幅分位99%, 板块涨停11家) 驱动概念[智能电网] 距60日高点5.2% 20日涨幅5.3%",板块[电网设备]轮动延续/资金承接/概念热度,收盘31.99 MA20上方 量比0.85,"次日开盘[-2%,+3%]为观察区间; 收盘站上max(开盘,昨收)视为买点触发",昨收31.99,板块退潮补跌/概念退潮/资金承接不足/持续阴跌,1
2026-03-05,2026-03-06,normal,lu,002339.SZ,积成电子,电网设备,特高压,3.0821283426214485,5.0,88.0,"{'theme': 0.8, 'concept': 1.0, 'ladder': 0.9, 'seal': 0.4, 'time': 1.0, 'liq': 1.0, 'struct': 1.0}",涨停组: 电网设备方向/特高压 2板 封单比5.3% 涨停时间09:32 题材内涨停5家 概念内涨停5家 驱动概念[特高压] 成交15.0亿,电网设备+中标+特高压,2连板 换手承接量比2.14,"次日竞价与开盘承接: 高开幅度观察区间[-2%,+5%]; 开盘涨幅≤+3%且不破昨收-3%视为买点触发",昨收12.69,高位情绪兑现/次日低开大幅回撤/炸板断板/概念退潮,1
2026-03-05,2026-03-06,normal,lu,600703.SH,三安光电,光学光电子,MicroLED概念,8.26256839961057,16.0,83.0,"{'theme': 0.6, 'concept': 1.0, 'ladder': 0.55, 'seal': 1.0, 'time': 1.0, 'liq': 1.0, 'struct': 0.6}",涨停组: Micro LED方向/MicroLED概念 1板 封单比38.4% 涨停时间09:30 题材内涨停4家 概念内涨停16家 驱动概念[MicroLED概念] 成交12.8亿,Micro LED+光芯片+碳化硅+商业航天,1连板 换手承接量比0.54,"次日竞价与开盘承接: 高开幅度观察区间[-2%,+5%]; 开盘涨幅≤+3%且不破昨收-3%视为买点触发",昨收16.13,高位情绪兑现/次日低开大幅回撤/炸板断板/概念退潮,1
2026-03-05,2026-03-06,normal,nlu,600869.SH,远东股份,电网设备,柔性直流输电,4.312035661218427,5.0,91.50390625,"{'sector': 0.97015625, 'trend': 0.8, 'pos': 0.85, 'mom': 1.0, 'liq': 1.0, 'recog': 1.0}","非涨停组: 趋势结构多头(MA20>MA60且上行), 处于活跃板块[电网设备](当日涨幅分位98%, 板块涨停8家) 驱动概念[柔性直流输电] 距60日高点13.0% 20日涨幅6.2%",板块[电网设备]轮动延续/资金承接/概念热度,收盘13.45 MA20上方 量比1.01,"次日开盘[-2%,+3%]为观察区间; 收盘站上max(开盘,昨收)视为买点触发",昨收13.45,板块退潮补跌/概念退潮/资金承接不足/持续阴跌,1
2026-03-05,2026-03-06,normal,nlu,002364.SZ,中恒电气,其他电源设备,特高压,3.0821283426214485,5.0,87.78515625,"{'sector': 0.94140625, 'trend': 0.8, 'pos': 0.85, 'mom': 0.7, 'liq': 1.0, 'recog': 1.0}","非涨停组: 趋势结构多头(MA20>MA60且上行), 处于活跃板块[其他电源设备](当日涨幅分位97%, 板块涨停3家) 驱动概念[特高压] 距60日高点11.3% 20日涨幅1.3%",板块[其他电源设备]轮动延续/资金承接/概念热度,收盘32.76 MA20上方 量比0.84,"次日开盘[-2%,+3%]为观察区间; 收盘站上max(开盘,昨收)视为买点触发",昨收32.76,板块退潮补跌/概念退潮/资金承接不足/持续阴跌,1
2026-03-06,2026-03-09,normal,lu,600590.SH,泰豪科技,其他电源设备,电力物联网,2.965428698378103,4.0,90.0,"{'theme': 0.6, 'concept': 1.0, 'ladder': 0.9, 'seal': 1.0, 'time': 1.0, 'liq': 1.0, 'struct': 0.6}",涨停组: 氢能源方向/电力物联网 2板 封单比49.1% 涨停时间09:30 题材内涨停4家 概念内涨停4家 驱动概念[电力物联网] 成交5.0亿,氢能源+军工电源+扭亏为盈,2连板 换手承接量比0.44,"次日竞价与开盘承接: 高开幅度观察区间[-2%,+5%]; 开盘涨幅≤+3%且不破昨收-3%视为买点触发",昨收16.18,高位情绪兑现/次日低开大幅回撤/炸板断板/概念退潮,1
2026-03-06,2026-03-09,normal,lu,605286.SH,同力天启,专用设备,虚拟电厂,2.5868096657963857,8.0,86.0,"{'theme': 0.8, 'concept': 1.0, 'ladder': 0.55, 'seal': 1.0, 'time': 1.0, 'liq': 0.6, 'struct': 1.0}",涨停组: 算电协同方向/虚拟电厂 1板 封单比18.9% 涨停时间09:32 题材内涨停5家 概念内涨停8家 驱动概念[虚拟电厂] 成交2.1亿,算电协同+储能中标+电梯部件,1连板 换手承接量比2.26,"次日竞价与开盘承接: 高开幅度观察区间[-2%,+5%]; 开盘涨幅≤+3%且不破昨收-3%视为买点触发",昨收42.49,高位情绪兑现/次日低开大幅回撤/炸板断板/概念退潮,1
2026-03-06,2026-03-09,normal,nlu,600367.SH,红星发展,化学原料,西部大开发,1.4942301735010988,11.0,95.1640625,"{'sector': 0.9565625, 'trend': 1.0, 'pos': 0.85, 'mom': 1.0, 'liq': 1.0, 'recog': 1.0}","非涨停组: 趋势结构多头(MA20>MA60且上行), 处于活跃板块[化学原料](当日涨幅分位96%, 板块涨停5家) 驱动概念[西部大开发] 距60日高点10.0% 20日涨幅13.2%",板块[化学原料]轮动延续/资金承接/概念热度,收盘23.81 MA20上方 量比0.78,"次日开盘[-2%,+3%]为观察区间; 收盘站上max(开盘,昨收)视为买点触发",昨收23.81,板块退潮补跌/概念退潮/资金承接不足/持续阴跌,1
2026-03-06,2026-03-09,normal,nlu,000792.SZ,盐湖股份,农化制品,化肥,2.998593198493804,4.0,88.6875,"{'sector': 0.9475, 'trend': 1.0, 'pos': 0.6, 'mom': 1.0, 'liq': 1.0, 'recog': 1.0}","非涨停组: 趋势结构多头(MA20>MA60且上行), 处于活跃板块[农化制品](当日涨幅分位98%, 板块涨停3家) 驱动概念[化肥] 距60日高点7.3% 20日涨幅7.6%",板块[农化制品]轮动延续/资金承接/概念热度,收盘36.79 MA20上方 量比0.67,"次日开盘[-2%,+3%]为观察区间; 收盘站上max(开盘,昨收)视为买点触发",昨收36.79,板块退潮补跌/概念退潮/资金承接不足/持续阴跌,1
2026-03-09,2026-03-10,defensive,lu,002015.SZ,协鑫能科,电力,算力租赁,2.602662861762095,12.0,89.5,"{'theme': 0.2, 'concept': 1.0, 'ladder': 0.9, 'seal': 0.7, 'time': 1.0, 'liq': 1.0, 'struct': 1.0}",涨停组: 算电协同方向/算力租赁 2板 封单比12.4% 涨停时间09:32 题材内涨停2家 概念内涨停12家 驱动概念[算力租赁] 成交19.6亿,算电协同+虚拟电厂+分布式光伏,2连板 换手承接量比0.85,"次日竞价与开盘承接: 高开幅度观察区间[-2%,+5%]; 开盘涨幅≤+3%且不破昨收-3%视为买点触发",昨收17.18,高位情绪兑现/次日低开大幅回撤/炸板断板/概念退潮,1
2026-03-09,2026-03-10,defensive,lu,002575.SZ,群兴玩具,综合,算力租赁,2.602662861762095,12.0,84.0,"{'theme': 0.8, 'concept': 1.0, 'ladder': 0.55, 'seal': 1.0, 'time': 0.7, 'liq': 1.0, 'struct': 1.0}",涨停组: 算力租赁方向/算力租赁 1板 封单比25.0% 涨停时间11:06 题材内涨停5家 概念内涨停12家 驱动概念[算力租赁] 成交7.6亿,算力租赁+腾讯合作+酒类销售,1连板 换手承接量比1.74,"次日竞价与开盘承接: 高开幅度观察区间[-2%,+5%]; 开盘涨幅≤+3%且不破昨收-3%视为买点触发",昨收8.02,高位情绪兑现/次日低开大幅回撤/炸板断板/概念退潮,1
2026-03-09,2026-03-10,defensive,nlu,600968.SH,海油发展,油气开采及服务,绿色电力,0.267003015253775,11.0,90.64453125,"{'sector': 0.7757812500000001, 'trend': 1.0, 'pos': 0.85, 'mom': 1.0, 'liq': 1.0, 'recog': 1.0}","非涨停组: 趋势结构多头(MA20>MA60且上行), 处于活跃板块[油气开采及服务](当日涨幅分位97%, 板块涨停0家) 驱动概念[绿色电力] 距60日高点13.1% 20日涨幅12.0%",板块[油气开采及服务]轮动延续/资金承接/概念热度,收盘4.85 MA20上方 量比0.93,"次日开盘[-2%,+3%]为观察区间; 收盘站上max(开盘,昨收)视为买点触发",昨收4.85,板块退潮补跌/概念退潮/资金承接不足/持续阴跌,1
2026-03-10,2026-03-11,normal,lu,603017.SH,中衡设计,建筑装饰,数据中心(AIDC),2.5703893888037177,22.0,85.0,"{'theme': 0.6, 'concept': 1.0, 'ladder': 0.55, 'seal': 1.0, 'time': 1.0, 'liq': 0.6, 'struct': 1.0}",涨停组: 商业航天方向/数据中心(AIDC) 1板 封单比37.2% 涨停时间09:44 题材内涨停4家 概念内涨停22家 驱动概念[数据中心(AIDC)] 成交1.8亿,商业航天+低空经济+工程设计,1连板 换手承接量比1.25,"次日竞价与开盘承接: 高开幅度观察区间[-2%,+5%]; 开盘涨幅≤+3%且不破昨收-3%视为买点触发",昨收13.48,高位情绪兑现/次日低开大幅回撤/炸板断板/概念退潮,1
2026-03-10,2026-03-11,normal,lu,002025.SZ,航天电器,军工电子,共封装光学(CPO),5.439390876655614,11.0,84.5,"{'theme': 0.6, 'concept': 1.0, 'ladder': 0.55, 'seal': 0.7, 'time': 1.0, 'liq': 1.0, 'struct': 1.0}",涨停组: 商业航天方向/共封装光学(CPO) 1板 封单比8.5% 涨停时间09:32 题材内涨停4家 概念内涨停11家 驱动概念[共封装光学(CPO)] 成交15.6亿,商业航天+军工电子+光模块+央企,1连板 换手承接量比1.70,"次日竞价与开盘承接: 高开幅度观察区间[-2%,+5%]; 开盘涨幅≤+3%且不破昨收-3%视为买点触发",昨收56.03,高位情绪兑现/次日低开大幅回撤/炸板断板/概念退潮,1
2026-03-10,2026-03-11,normal,nlu,000636.SZ,风华高科,元件,共封装光学(CPO),5.439390876655614,11.0,91.1171875,"{'sector': 0.9546875000000001, 'trend': 0.8, 'pos': 0.85, 'mom': 1.0, 'liq': 1.0, 'recog': 1.0}","非涨停组: 趋势结构多头(MA20>MA60且上行), 处于活跃板块[元件](当日涨幅分位98%, 板块涨停5家) 驱动概念[共封装光学(CPO)] 距60日高点13.1% 20日涨幅23.3%",板块[元件]轮动延续/资金承接/概念热度,收盘23.85 MA20上方 量比0.97,"次日开盘[-2%,+3%]为观察区间; 收盘站上max(开盘,昨收)视为买点触发",昨收23.85,板块退潮补跌/概念退潮/资金承接不足/持续阴跌,1
2026-03-10,2026-03-11,normal,nlu,600105.SH,永鼎股份,通信设备,共封装光学(CPO),5.439390876655614,11.0,90.796875,"{'sector': 0.941875, 'trend': 0.8, 'pos': 0.85, 'mom': 1.0, 'liq': 1.0, 'recog': 1.0}","非涨停组: 趋势结构多头(MA20>MA60且上行), 处于活跃板块[通信设备](当日涨幅分位98%, 板块涨停7家) 驱动概念[共封装光学(CPO)] 距60日高点13.4% 20日涨幅8.5%",板块[通信设备]轮动延续/资金承接/概念热度,收盘28.14 MA20上方 量比1.16,"次日开盘[-2%,+3%]为观察区间; 收盘站上max(开盘,昨收)视为买点触发",昨收28.14,板块退潮补跌/概念退潮/资金承接不足/持续阴跌,1
2026-03-11,2026-03-12,defensive,lu,601868.SH,中国能建,建筑装饰,水泥概念,1.607683097241619,4.0,82.5,"{'theme': 0.2, 'concept': 1.0, 'ladder': 0.55, 'seal': 0.7, 'time': 1.0, 'liq': 1.0, 'struct': 1.0}",涨停组: 算电协同方向/水泥概念 1板 封单比12.1% 涨停时间09:42 题材内涨停2家 概念内涨停4家 驱动概念[水泥概念] 成交62.9亿,算电协同+氢能+央企,1连板 换手承接量比0.83,"次日竞价与开盘承接: 高开幅度观察区间[-2%,+5%]; 开盘涨幅≤+3%且不破昨收-3%视为买点触发",昨收3.45,高位情绪兑现/次日低开大幅回撤/炸板断板/概念退潮,1
2026-03-11,2026-03-12,defensive,lu,603757.SH,大元泵业,通用设备,储能,0.6874514939416487,16.0,82.5,"{'theme': 0.2, 'concept': 1.0, 'ladder': 0.55, 'seal': 0.7, 'time': 1.0, 'liq': 1.0, 'struct': 1.0}",涨停组: 液冷服务器方向/储能 1板 封单比8.6% 涨停时间09:34 题材内涨停2家 概念内涨停16家 驱动概念[储能] 成交6.8亿,液冷服务器+屏蔽泵+维谛技术,1连板 换手承接量比1.49,"次日竞价与开盘承接: 高开幅度观察区间[-2%,+5%]; 开盘涨幅≤+3%且不破昨收-3%视为买点触发",昨收47.43,高位情绪兑现/次日低开大幅回撤/炸板断板/概念退潮,1
2026-03-11,2026-03-12,defensive,nlu,600105.SH,永鼎股份,通信设备,共封装光学(CPO),0.6965703290843006,4.0,88.55078125,"{'sector': 0.81203125, 'trend': 1.0, 'pos': 0.85, 'mom': 0.7, 'liq': 1.0, 'recog': 1.0}","非涨停组: 趋势结构多头(MA20>MA60且上行), 处于活跃板块[通信设备](当日涨幅分位74%, 板块涨停3家) 驱动概念[共封装光学(CPO)] 距60日高点12.4% 20日涨幅1.0%",板块[通信设备]轮动延续/资金承接/概念热度,收盘28.46 MA20上方 量比1.13,"次日开盘[-2%,+3%]为观察区间; 收盘站上max(开盘,昨收)视为买点触发",昨收28.46,板块退潮补跌/概念退潮/资金承接不足/持续阴跌,1
2026-03-12,2026-03-13,defensive,lu,000537.SZ,绿发电力,电力,绿色电力,0.5138304433130569,15.0,97.0,"{'theme': 0.4, 'concept': 1.0, 'ladder': 1.0, 'seal': 1.0, 'time': 1.0, 'liq': 1.0, 'struct': 1.0}",涨停组: 算电协同方向/绿色电力 3板 封单比30.7% 涨停时间09:31 题材内涨停3家 概念内涨停15家 驱动概念[绿色电力] 成交9.1亿,算电协同+储能+绿电交易+央企,3连板 换手承接量比1.20,"次日竞价与开盘承接: 高开幅度观察区间[-2%,+5%]; 开盘涨幅≤+3%且不破昨收-3%视为买点触发",昨收12.51,高位情绪兑现/次日低开大幅回撤/炸板断板/概念退潮,1
2026-03-12,2026-03-13,defensive,lu,605305.SH,中际联合,工程机械,风电,0.1088406506077666,23.0,73.0,"{'theme': 0.2, 'concept': 1.0, 'ladder': 0.55, 'seal': 1.0, 'time': 0.3, 'liq': 1.0, 'struct': 1.0}",涨停组: 风电设备方向/风电 1板 封单比15.4% 涨停时间14:09 题材内涨停2家 概念内涨停23家 驱动概念[风电] 成交7.3亿,风电设备+储能消防,1连板 换手承接量比2.56,"次日竞价与开盘承接: 高开幅度观察区间[-2%,+5%]; 开盘涨幅≤+3%且不破昨收-3%视为买点触发",昨收42.58,高位情绪兑现/次日低开大幅回撤/炸板断板/概念退潮,1
2026-03-12,2026-03-13,defensive,nlu,000875.SZ,电投绿能,电力,碳交易,0.6696593436353648,5.0,88.890625,"{'sector': 0.9556250000000002, 'trend': 1.0, 'pos': 0.6, 'mom': 1.0, 'liq': 1.0, 'recog': 1.0}","非涨停组: 趋势结构多头(MA20>MA60且上行), 处于活跃板块[电力](当日涨幅分位94%, 板块涨停9家) 驱动概念[碳交易] 距60日高点5.0% 20日涨幅8.0%",板块[电力]轮动延续/资金承接/概念热度,收盘7.93 MA20上方 量比0.97,"次日开盘[-2%,+3%]为观察区间; 收盘站上max(开盘,昨收)视为买点触发",昨收7.93,板块退潮补跌/概念退潮/资金承接不足/持续阴跌,1
2026-03-13,2026-03-16,defensive,lu,603803.SH,瑞斯康达,通信设备,新型城镇化,-0.2514851235041804,4.0,79.5,"{'theme': 0.2, 'concept': 1.0, 'ladder': 0.55, 'seal': 0.7, 'time': 0.85, 'liq': 1.0, 'struct': 1.0}",涨停组: CPO方向/新型城镇化 1板 封单比9.1% 涨停时间09:53 题材内涨停2家 概念内涨停4家 驱动概念[新型城镇化] 成交10.2亿,CPO+智算中心+高速光模块,1连板 换手承接量比1.44,"次日竞价与开盘承接: 高开幅度观察区间[-2%,+5%]; 开盘涨幅≤+3%且不破昨收-3%视为买点触发",昨收13.75,高位情绪兑现/次日低开大幅回撤/炸板断板/概念退潮,1
2026-03-13,2026-03-16,defensive,lu,002438.SZ,江苏神通,通用设备,氢能源,-0.9113003401346131,9.0,73.0,"{'theme': 0.2, 'concept': 1.0, 'ladder': 0.55, 'seal': 1.0, 'time': 0.3, 'liq': 1.0, 'struct': 1.0}",涨停组: 可控核聚变方向/氢能源 1板 封单比18.4% 涨停时间13:35 题材内涨停2家 概念内涨停9家 驱动概念[氢能源] 成交5.8亿,可控核聚变+氢能源+商业航天,1连板 换手承接量比1.96,"次日竞价与开盘承接: 高开幅度观察区间[-2%,+5%]; 开盘涨幅≤+3%且不破昨收-3%视为买点触发",昨收19.26,高位情绪兑现/次日低开大幅回撤/炸板断板/概念退潮,1
2026-03-13,2026-03-16,defensive,nlu,600426.SH,华鲁恒升,农化制品,化肥,1.5891733460067226,3.0,88.84375,"{'sector': 0.9537500000000001, 'trend': 1.0, 'pos': 0.6, 'mom': 1.0, 'liq': 1.0, 'recog': 1.0}","非涨停组: 趋势结构多头(MA20>MA60且上行), 处于活跃板块[农化制品](当日涨幅分位97%, 板块涨停3家) 驱动概念[化肥] 距60日高点6.1% 20日涨幅16.6%",板块[农化制品]轮动延续/资金承接/概念热度,收盘31.53 MA20上方 量比0.86,"次日开盘[-2%,+3%]为观察区间; 收盘站上max(开盘,昨收)视为买点触发",昨收31.53,板块退潮补跌/概念退潮/资金承接不足/持续阴跌,1
2026-03-16,2026-03-17,normal,lu,600667.SH,太极实业,建筑装饰,存储芯片,2.494191377509747,7.0,72.0,"{'theme': 0.2, 'concept': 1.0, 'ladder': 0.55, 'seal': 0.4, 'time': 0.7, 'liq': 1.0, 'struct': 1.0}",涨停组: 存储芯片方向/存储芯片 1板 封单比7.7% 涨停时间11:24 题材内涨停2家 概念内涨停7家 驱动概念[存储芯片] 成交23.9亿,存储芯片+先进封装+SK海力士+国企,1连板 换手承接量比1.28,"次日竞价与开盘承接: 高开幅度观察区间[-2%,+5%]; 开盘涨幅≤+3%且不破昨收-3%视为买点触发",昨收11.26,高位情绪兑现/次日低开大幅回撤/炸板断板/概念退潮,1
2026-03-16,2026-03-17,normal,nlu,000839.SZ,国安股份,通信服务,虚拟数字人,1.0699898734917612,3.0,86.92578125,"{'sector': 0.62703125, 'trend': 1.0, 'pos': 0.85, 'mom': 1.0, 'liq': 1.0, 'recog': 1.0}","非涨停组: 趋势结构多头(MA20>MA60且上行), 处于活跃板块[通信服务](当日涨幅分位88%, 板块涨停1家) 驱动概念[虚拟数字人] 距60日高点13.4% 20日涨幅27.7%",板块[通信服务]轮动延续/资金承接/概念热度,收盘3.69 MA20上方 量比0.66,"次日开盘[-2%,+3%]为观察区间; 收盘站上max(开盘,昨收)视为买点触发",昨收3.69,板块退潮补跌/概念退潮/资金承接不足/持续阴跌,1
2026-03-16,2026-03-17,normal,nlu,600703.SH,三安光电,光学光电子,汽车芯片,1.6409037796496273,3.0,82.625,"{'sector': 0.7050000000000001, 'trend': 1.0, 'pos': 0.6, 'mom': 1.0, 'liq': 1.0, 'recog': 1.0}","非涨停组: 趋势结构多头(MA20>MA60且上行), 处于活跃板块[光学光电子](当日涨幅分位60%, 板块涨停2家) 驱动概念[汽车芯片] 距60日高点5.2% 20日涨幅15.7%",板块[光学光电子]轮动延续/资金承接/概念热度,收盘17.80 MA20上方 量比0.68,"次日开盘[-2%,+3%]为观察区间; 收盘站上max(开盘,昨收)视为买点触发",昨收17.80,板块退潮补跌/概念退潮/资金承接不足/持续阴跌,1
2026-03-17,2026-03-18,defensive,lu,002150.SZ,正泰电源,光伏设备,乡村振兴,-1.7465655660499846,4.0,81.0,"{'theme': 0.2, 'concept': 1.0, 'ladder': 0.55, 'seal': 1.0, 'time': 0.7, 'liq': 1.0, 'struct': 1.0}",涨停组: 光伏设备方向/乡村振兴 1板 封单比16.2% 涨停时间10:55 题材内涨停2家 概念内涨停4家 驱动概念[乡村振兴] 成交9.5亿,光伏设备+储能一体机+外销,1连板 换手承接量比0.89,"次日竞价与开盘承接: 高开幅度观察区间[-2%,+5%]; 开盘涨幅≤+3%且不破昨收-3%视为买点触发",昨收34.87,高位情绪兑现/次日低开大幅回撤/炸板断板/概念退潮,1
2026-03-17,2026-03-18,defensive,lu,002506.SZ,协鑫集成,光伏设备,光伏建筑一体化,-1.0855572933015867,3.0,75.0,"{'theme': 0.2, 'concept': 0.8, 'ladder': 0.55, 'seal': 0.4, 'time': 1.0, 'liq': 1.0, 'struct': 1.0}",涨停组: 光伏设备方向/光伏建筑一体化 1板 封单比3.8% 涨停时间09:34 题材内涨停2家 概念内涨停3家 驱动概念[光伏建筑一体化] 成交53.2亿,光伏设备+TOPCon电池+储能系统,1连板 换手承接量比0.88,"次日竞价与开盘承接: 高开幅度观察区间[-2%,+5%]; 开盘涨幅≤+3%且不破昨收-3%视为买点触发",昨收5.63,高位情绪兑现/次日低开大幅回撤/炸板断板/概念退潮,1
2026-03-17,2026-03-18,defensive,nlu,002459.SZ,晶澳科技,光伏设备,HJT电池,-1.1881100787957122,3.0,83.34765625,"{'sector': 0.8539062500000001, 'trend': 1.0, 'pos': 0.6, 'mom': 0.7, 'liq': 1.0, 'recog': 1.0}","非涨停组: 趋势结构多头(MA20>MA60且上行), 处于活跃板块[光伏设备](当日涨幅分位84%, 板块涨停3家) 驱动概念[HJT电池] 距60日高点5.0% 20日涨幅0.1%",板块[光伏设备]轮动延续/资金承接/概念热度,收盘12.72 MA20上方 量比1.00,"次日开盘[-2%,+3%]为观察区间; 收盘站上max(开盘,昨收)视为买点触发",昨收12.72,板块退潮补跌/概念退潮/资金承接不足/持续阴跌,1
2026-03-18,2026-03-19,normal,lu,603912.SH,佳力图,通用设备,算力租赁,3.9362314461305337,8.0,85.0,"{'theme': 0.4, 'concept': 1.0, 'ladder': 0.55, 'seal': 1.0, 'time': 0.85, 'liq': 1.0, 'struct': 1.0}",涨停组: 液冷方向/算力租赁 1板 封单比18.6% 涨停时间09:51 题材内涨停3家 概念内涨停8家 驱动概念[算力租赁] 成交4.6亿,液冷+算力+东数西算,1连板 换手承接量比1.08,"次日竞价与开盘承接: 高开幅度观察区间[-2%,+5%]; 开盘涨幅≤+3%且不破昨收-3%视为买点触发",昨收10.24,高位情绪兑现/次日低开大幅回撤/炸板断板/概念退潮,1
2026-03-18,2026-03-19,normal,lu,603316.SH,诚邦股份,半导体,存储芯片,3.500456426890075,6.0,85.0,"{'theme': 0.4, 'concept': 1.0, 'ladder': 0.55, 'seal': 1.0, 'time': 0.85, 'liq': 1.0, 'struct': 1.0}",涨停组: 存储芯片方向/存储芯片 1板 封单比17.3% 涨停时间09:49 题材内涨停3家 概念内涨停6家 驱动概念[存储芯片] 成交3.1亿,存储芯片+拟更名+定增扩产,1连板 换手承接量比1.02,"次日竞价与开盘承接: 高开幅度观察区间[-2%,+5%]; 开盘涨幅≤+3%且不破昨收-3%视为买点触发",昨收16.39,高位情绪兑现/次日低开大幅回撤/炸板断板/概念退潮,1
2026-03-19,2026-03-20,defensive,lu,600666.SH,奥瑞德,IT服务,算力租赁,-0.3102795539023928,6.0,96.0,"{'theme': 0.6, 'concept': 1.0, 'ladder': 0.9, 'seal': 1.0, 'time': 1.0, 'liq': 1.0, 'struct': 1.0}",涨停组: 算力租赁方向/算力租赁 2板 封单比15.5% 涨停时间09:33 题材内涨停4家 概念内涨停6家 驱动概念[算力租赁] 成交13.5亿,算力租赁+年报预增+蓝宝石,2连板 换手承接量比1.25,"次日竞价与开盘承接: 高开幅度观察区间[-2%,+5%]; 开盘涨幅≤+3%且不破昨收-3%视为买点触发",昨收4.88,高位情绪兑现/次日低开大幅回撤/炸板断板/概念退潮,1
2026-03-19,2026-03-20,defensive,lu,000815.SZ,美利云,通信服务,国资云,0.3208079800911312,3.0,86.0,"{'theme': 0.4, 'concept': 0.8, 'ladder': 0.9, 'seal': 1.0, 'time': 1.0, 'liq': 1.0, 'struct': 0.6}",涨停组: 算电协同方向/国资云 2板 封单比22.6% 涨停时间09:31 题材内涨停3家 概念内涨停3家 驱动概念[国资云] 成交13.7亿,算电协同+东数西算+扭亏为盈+央企,2连板 换手承接量比0.75,"次日竞价与开盘承接: 高开幅度观察区间[-2%,+5%]; 开盘涨幅≤+3%且不破昨收-3%视为买点触发",昨收19.32,高位情绪兑现/次日低开大幅回撤/炸板断板/概念退潮,1
2026-03-20,2026-03-23,defensive,lu,002150.SZ,正泰电源,光伏设备,光伏概念,-1.350243444273902,8.0,87.0,"{'theme': 0.2, 'concept': 1.0, 'ladder': 0.55, 'seal': 1.0, 'time': 1.0, 'liq': 1.0, 'struct': 1.0}",涨停组: 光伏设备方向/光伏概念 1板 封单比16.4% 涨停时间09:37 题材内涨停2家 概念内涨停8家 驱动概念[光伏概念] 成交10.3亿,光伏设备+储能一体机+外销,1连板 换手承接量比0.87,"次日竞价与开盘承接: 高开幅度观察区间[-2%,+5%]; 开盘涨幅≤+3%且不破昨收-3%视为买点触发",昨收34.88,高位情绪兑现/次日低开大幅回撤/炸板断板/概念退潮,1
2026-03-20,2026-03-23,defensive,nlu,600157.SH,永泰能源,电力,超超临界发电,-1.029441683705068,3.0,91.18359375,"{'sector': 0.9573437499999999, 'trend': 0.8, 'pos': 0.85, 'mom': 1.0, 'liq': 1.0, 'recog': 1.0}","非涨停组: 趋势结构多头(MA20>MA60且上行), 处于活跃板块[电力](当日涨幅分位94%, 板块涨停6家) 驱动概念[超超临界发电] 距60日高点11.9% 20日涨幅11.4%",板块[电力]轮动延续/资金承接/概念热度,收盘1.85 MA20上方 量比0.98,"次日开盘[-2%,+3%]为观察区间; 收盘站上max(开盘,昨收)视为买点触发",昨收1.85,板块退潮补跌/概念退潮/资金承接不足/持续阴跌,1
2026-03-23,2026-03-24,defensive,lu,600376.SH,首开股份,房地产,雄安新区,-4.731526213793091,4.0,79.5,"{'theme': 0.2, 'concept': 1.0, 'ladder': 0.55, 'seal': 0.7, 'time': 0.85, 'liq': 1.0, 'struct': 1.0}",涨停组: 间接持股宇树科技方向/雄安新区 1板 封单比13.2% 涨停时间09:52 题材内涨停2家 概念内涨停4家 驱动概念[雄安新区] 成交12.8亿,间接持股宇树科技+城市更新+北京国资,1连板 换手承接量比2.07,"次日竞价与开盘承接: 高开幅度观察区间[-2%,+5%]; 开盘涨幅≤+3%且不破昨收-3%视为买点触发",昨收5.87,高位情绪兑现/次日低开大幅回撤/炸板断板/概念退潮,1
2026-03-23,2026-03-24,defensive,lu,603787.SH,新日股份,汽车服务及其他,共享单车,-2.4700237931250313,2.0,72.0,"{'theme': 0.2, 'concept': 0.6, 'ladder': 0.55, 'seal': 0.4, 'time': 1.0, 'liq': 1.0, 'struct': 1.0}",涨停组: 电动两轮车方向/共享单车 1板 封单比6.2% 涨停时间09:45 题材内涨停2家 概念内涨停2家 驱动概念[共享单车] 成交3.6亿,电动两轮车+共享单车+业绩预增,1连板 换手承接量比2.98,"次日竞价与开盘承接: 高开幅度观察区间[-2%,+5%]; 开盘涨幅≤+3%且不破昨收-3%视为买点触发",昨收14.82,高位情绪兑现/次日低开大幅回撤/炸板断板/概念退潮,1
2026-03-23,2026-03-24,defensive,nlu,002487.SZ,大金重工,风电设备,绿色电力,-3.759580176083177,8.0,88.12109375,"{'sector': 0.67484375, 'trend': 1.0, 'pos': 0.85, 'mom': 1.0, 'liq': 1.0, 'recog': 1.0}","非涨停组: 趋势结构多头(MA20>MA60且上行), 处于活跃板块[风电设备](当日涨幅分位84%, 板块涨停0家) 驱动概念[绿色电力] 距60日高点11.2% 20日涨幅18.3%",板块[风电设备]轮动延续/资金承接/概念热度,收盘73.18 MA20上方 量比1.03,"次日开盘[-2%,+3%]为观察区间; 收盘站上max(开盘,昨收)视为买点触发",昨收73.18,板块退潮补跌/概念退潮/资金承接不足/持续阴跌,1
2026-03-24,2026-03-25,aggressive,lu,600396.SH,华电辽能,电力,碳交易,4.327432413138976,9.0,85.5,"{'theme': 0.6, 'concept': 1.0, 'ladder': 0.6, 'seal': 0.7, 'time': 1.0, 'liq': 1.0, 'struct': 1.0}",涨停组: 绿电方向/碳交易 7板 封单比8.1% 涨停时间09:38 题材内涨停4家 概念内涨停9家 驱动概念[碳交易] 成交17.4亿,绿电+氢能+央企,7连板 换手承接量比1.13,"次日竞价与开盘承接: 高开幅度观察区间[-2%,+5%]; 开盘涨幅≤+3%且不破昨收-3%视为买点触发",昨收7.58,高位情绪兑现/次日低开大幅回撤/炸板断板/概念退潮,1
2026-03-24,2026-03-25,aggressive,lu,601606.SH,长城军工,军工装备,兵装重组概念,7.795991518025858,3.0,81.0,"{'theme': 0.2, 'concept': 0.8, 'ladder': 0.55, 'seal': 1.0, 'time': 0.85, 'liq': 1.0, 'struct': 1.0}",涨停组: 兵装重组方向/兵装重组概念 1板 封单比31.0% 涨停时间09:53 题材内涨停2家 概念内涨停3家 驱动概念[兵装重组概念] 成交9.3亿,兵装重组+弹药装备+扭亏+央企,1连板 换手承接量比1.43,"次日竞价与开盘承接: 高开幅度观察区间[-2%,+5%]; 开盘涨幅≤+3%且不破昨收-3%视为买点触发",昨收39.34,高位情绪兑现/次日低开大幅回撤/炸板断板/概念退潮,1
2026-03-25,2026-03-26,aggressive,lu,000601.SZ,韶能股份,电力,生物质能发电,3.131370029105973,4.0,90.5,"{'theme': 0.4, 'concept': 1.0, 'ladder': 0.9, 'seal': 0.7, 'time': 1.0, 'liq': 1.0, 'struct': 1.0}",涨停组: 算电协同方向/生物质能发电 2板 封单比8.3% 涨停时间09:30 题材内涨停3家 概念内涨停4家 驱动概念[生物质能发电] 成交20.4亿,算电协同+储能+生物质发电,2连板 换手承接量比1.18,"次日竞价与开盘承接: 高开幅度观察区间[-2%,+5%]; 开盘涨幅≤+3%且不破昨收-3%视为买点触发",昨收8.87,高位情绪兑现/次日低开大幅回撤/炸板断板/概念退潮,1
2026-03-25,2026-03-26,aggressive,lu,002418.SZ,康盛股份,白色家电,算力租赁,3.2477076530531113,9.0,87.0,"{'theme': 0.2, 'concept': 1.0, 'ladder': 0.55, 'seal': 1.0, 'time': 1.0, 'liq': 1.0, 'struct': 1.0}",涨停组: 液冷方向/算力租赁 1板 封单比26.1% 涨停时间09:41 题材内涨停2家 概念内涨停9家 驱动概念[算力租赁] 成交4.1亿,液冷+算力租赁+家电制冷,1连板 换手承接量比1.36,"次日竞价与开盘承接: 高开幅度观察区间[-2%,+5%]; 开盘涨幅≤+3%且不破昨收-3%视为买点触发",昨收4.6,高位情绪兑现/次日低开大幅回撤/炸板断板/概念退潮,1
2026-03-26,2026-03-27,defensive,lu,000037.SZ,深南电A,电力,一带一路,-1.5689499869055212,5.0,76.5,"{'theme': 0.2, 'concept': 1.0, 'ladder': 0.55, 'seal': 0.7, 'time': 0.7, 'liq': 1.0, 'struct': 1.0}",涨停组: 电力方向/一带一路 1板 封单比11.0% 涨停时间11:15 题材内涨停2家 概念内涨停5家 驱动概念[一带一路] 成交7.9亿,电力+储能+业绩预增,1连板 换手承接量比1.16,"次日竞价与开盘承接: 高开幅度观察区间[-2%,+5%]; 开盘涨幅≤+3%且不破昨收-3%视为买点触发",昨收11.99,高位情绪兑现/次日低开大幅回撤/炸板断板/概念退潮,1
2026-03-26,2026-03-27,defensive,lu,600310.SH,广西能源,电力,超超临界发电,-1.0520080885553562,3.0,73.5,"{'theme': 0.2, 'concept': 0.8, 'ladder': 0.55, 'seal': 0.7, 'time': 0.7, 'liq': 1.0, 'struct': 1.0}",涨停组: 电力方向/超超临界发电 1板 封单比10.8% 涨停时间10:31 题材内涨停2家 概念内涨停3家 驱动概念[超超临界发电] 成交11.2亿,电力+绿色电力+广西国资,1连板 换手承接量比0.86,"次日竞价与开盘承接: 高开幅度观察区间[-2%,+5%]; 开盘涨幅≤+3%且不破昨收-3%视为买点触发",昨收6.0,高位情绪兑现/次日低开大幅回撤/炸板断板/概念退潮,1
2026-03-27,2026-03-30,defensive,lu,000695.SZ,滨海能源,电池,固态电池,2.2952420817636376,11.0,87.0,"{'theme': 0.2, 'concept': 1.0, 'ladder': 0.55, 'seal': 1.0, 'time': 1.0, 'liq': 1.0, 'struct': 1.0}",涨停组: 固态电池方向/固态电池 1板 封单比19.7% 涨停时间09:32 题材内涨停2家 概念内涨停11家 驱动概念[固态电池] 成交4.2亿,固态电池+负极材料+绿电降本,1连板 换手承接量比1.54,"次日竞价与开盘承接: 高开幅度观察区间[-2%,+5%]; 开盘涨幅≤+3%且不破昨收-3%视为买点触发",昨收14.29,高位情绪兑现/次日低开大幅回撤/炸板断板/概念退潮,1
2026-03-27,2026-03-30,defensive,lu,002328.SZ,新朋股份,汽车零部件,创投,1.3326574721383322,9.0,85.0,"{'theme': 0.4, 'concept': 1.0, 'ladder': 0.55, 'seal': 1.0, 'time': 0.85, 'liq': 1.0, 'struct': 1.0}",涨停组: 液冷服务器方向/创投 1板 封单比23.7% 涨停时间10:17 题材内涨停3家 概念内涨停9家 驱动概念[创投] 成交4.1亿,液冷服务器+储能+特斯拉,1连板 换手承接量比1.27,"次日竞价与开盘承接: 高开幅度观察区间[-2%,+5%]; 开盘涨幅≤+3%且不破昨收-3%视为买点触发",昨收7.15,高位情绪兑现/次日低开大幅回撤/炸板断板/概念退潮,1
2026-03-30,2026-03-31,defensive,lu,600488.SH,津药药业,化学制药,仿制药一致性评价,1.4473050702777268,5.0,95.0,"{'theme': 0.4, 'concept': 1.0, 'ladder': 0.9, 'seal': 1.0, 'time': 1.0, 'liq': 1.0, 'struct': 1.0}",涨停组: 创新药方向/仿制药一致性评价 2板 封单比16.2% 涨停时间09:31 题材内涨停3家 概念内涨停5家 驱动概念[仿制药一致性评价] 成交3.3亿,创新药+原料药+出口,2连板 换手承接量比2.61,"次日竞价与开盘承接: 高开幅度观察区间[-2%,+5%]; 开盘涨幅≤+3%且不破昨收-3%视为买点触发",昨收4.76,高位情绪兑现/次日低开大幅回撤/炸板断板/概念退潮,1
2026-03-30,2026-03-31,defensive,lu,600513.SH,联环药业,化学制药,仿制药一致性评价,1.4473050702777268,5.0,86.0,"{'theme': 0.4, 'concept': 1.0, 'ladder': 0.9, 'seal': 0.4, 'time': 1.0, 'liq': 1.0, 'struct': 1.0}",涨停组: 创新药方向/仿制药一致性评价 2板 封单比6.5% 涨停时间09:33 题材内涨停3家 概念内涨停5家 驱动概念[仿制药一致性评价] 成交8.9亿,创新药+LH-1801揭盲+扬州国资,2连板 换手承接量比1.69,"次日竞价与开盘承接: 高开幅度观察区间[-2%,+5%]; 开盘涨幅≤+3%且不破昨收-3%视为买点触发",昨收28.17,高位情绪兑现/次日低开大幅回撤/炸板断板/概念退潮,1
2026-03-31,2026-04-01,defensive,lu,600488.SH,津药药业,化学制药,仿制药一致性评价,-0.5992074000451653,3.0,88.5,"{'theme': 0.2, 'concept': 0.8, 'ladder': 1.0, 'seal': 0.7, 'time': 1.0, 'liq': 1.0, 'struct': 1.0}",涨停组: 创新药方向/仿制药一致性评价 3板 封单比11.7% 涨停时间09:30 题材内涨停2家 概念内涨停3家 驱动概念[仿制药一致性评价] 成交4.7亿,创新药+原料药+出口,3连板 换手承接量比2.10,"次日竞价与开盘承接: 高开幅度观察区间[-2%,+5%]; 开盘涨幅≤+3%且不破昨收-3%视为买点触发",昨收5.24,高位情绪兑现/次日低开大幅回撤/炸板断板/概念退潮,1
2026-03-31,2026-04-01,defensive,lu,000927.SZ,中国铁物,物流,高铁,0.26125395084044545,9.0,84.0,"{'theme': 0.8, 'concept': 1.0, 'ladder': 0.55, 'seal': 1.0, 'time': 1.0, 'liq': 1.0, 'struct': 0.6}",涨停组: 年报增长方向/高铁 1板 封单比17.7% 涨停时间09:34 题材内涨停5家 概念内涨停9家 驱动概念[高铁] 成交6.1亿,年报增长+铁路物流+一带一路+央企,1连板 换手承接量比0.55,"次日竞价与开盘承接: 高开幅度观察区间[-2%,+5%]; 开盘涨幅≤+3%且不破昨收-3%视为买点触发",昨收3.34,高位情绪兑现/次日低开大幅回撤/炸板断板/概念退潮,1
2026-04-01,2026-04-02,normal,lu,600488.SH,津药药业,化学制药,仿制药一致性评价,4.091953333671627,7.0,89.0,"{'theme': 0.8, 'concept': 1.0, 'ladder': 1.0, 'seal': 1.0, 'time': 1.0, 'liq': 0.6, 'struct': 0.6}",涨停组: 创新药方向/仿制药一致性评价 4板 封单比87.0% 涨停时间09:30 题材内涨停5家 概念内涨停7家 驱动概念[仿制药一致性评价] 成交2.1亿,创新药+原料药+出口,4连板 换手承接量比0.76,"次日竞价与开盘承接: 高开幅度观察区间[-2%,+5%]; 开盘涨幅≤+3%且不破昨收-3%视为买点触发",昨收5.76,高位情绪兑现/次日低开大幅回撤/炸板断板/概念退潮,1
2026-04-01,2026-04-02,normal,lu,601579.SH,会稽山,饮料制造,共同富裕示范区,1.530073674244492,4.0,85.0,"{'theme': 0.4, 'concept': 1.0, 'ladder': 0.55, 'seal': 1.0, 'time': 0.85, 'liq': 1.0, 'struct': 1.0}",涨停组: 年报增长方向/共同富裕示范区 1板 封单比22.3% 涨停时间10:10 题材内涨停3家 概念内涨停4家 驱动概念[共同富裕示范区] 成交3.5亿,年报增长+黄酒+高端化+年轻化,1连板 换手承接量比2.34,"次日竞价与开盘承接: 高开幅度观察区间[-2%,+5%]; 开盘涨幅≤+3%且不破昨收-3%视为买点触发",昨收18.4,高位情绪兑现/次日低开大幅回撤/炸板断板/概念退潮,1
2026-04-01,2026-04-02,normal,nlu,002281.SZ,光迅科技,通信设备,共封装光学(CPO),3.650043148465665,6.0,89.25,"{'sector': 0.72, 'trend': 1.0, 'pos': 0.85, 'mom': 1.0, 'liq': 1.0, 'recog': 1.0}","非涨停组: 趋势结构多头(MA20>MA60且上行), 处于活跃板块[通信设备](当日涨幅分位78%, 板块涨停3家) 驱动概念[共封装光学(CPO)] 距60日高点13.6% 20日涨幅11.7%",板块[通信设备]轮动延续/资金承接/概念热度,收盘86.98 MA20上方 量比0.92,"次日开盘[-2%,+3%]为观察区间; 收盘站上max(开盘,昨收)视为买点触发",昨收86.98,板块退潮补跌/概念退潮/资金承接不足/持续阴跌,1
2026-04-01,2026-04-02,normal,nlu,600988.SH,赤峰黄金,贵金属,人民币贬值受益,2.0635354523814042,5.0,84.484375,"{'sector': 0.649375, 'trend': 1.0, 'pos': 0.85, 'mom': 0.7, 'liq': 1.0, 'recog': 1.0}","非涨停组: 趋势结构多头(MA20>MA60且上行), 处于活跃板块[贵金属](当日涨幅分位74%, 板块涨停0家) 驱动概念[人民币贬值受益] 距60日高点11.9% 20日涨幅3.3%",板块[贵金属]轮动延续/资金承接/概念热度,收盘44.97 MA20上方 量比1.11,"次日开盘[-2%,+3%]为观察区间; 收盘站上max(开盘,昨收)视为买点触发",昨收44.97,板块退潮补跌/概念退潮/资金承接不足/持续阴跌,1
2026-04-02,2026-04-03,defensive,lu,000788.SZ,北大医药,化学制药,仿制药一致性评价,0.9936592386433185,3.0,83.0,"{'theme': 0.4, 'concept': 0.8, 'ladder': 0.9, 'seal': 0.4, 'time': 1.0, 'liq': 1.0, 'struct': 1.0}",涨停组: 创新药方向/仿制药一致性评价 2板 封单比7.8% 涨停时间09:30 题材内涨停3家 概念内涨停3家 驱动概念[仿制药一致性评价] 成交9.9亿,创新药+右酮洛芬+帕利哌酮获批,2连板 换手承接量比2.77,"次日竞价与开盘承接: 高开幅度观察区间[-2%,+5%]; 开盘涨幅≤+3%且不破昨收-3%视为买点触发",昨收7.22,高位情绪兑现/次日低开大幅回撤/炸板断板/概念退潮,1
2026-04-03,2026-04-07,defensive,lu,002792.SZ,通宇通讯,通信设备,共封装光学(CPO),2.118026725272637,8.0,79.0,"{'theme': 0.4, 'concept': 1.0, 'ladder': 0.55, 'seal': 0.4, 'time': 1.0, 'liq': 1.0, 'struct': 1.0}",涨停组: 光模块方向/共封装光学(CPO) 1板 封单比6.1% 涨停时间09:31 题材内涨停3家 概念内涨停8家 驱动概念[共封装光学(CPO)] 成交28.6亿,光模块+卫星通信+商业航天+基站天线,1连板 换手承接量比1.11,"次日竞价与开盘承接: 高开幅度观察区间[-2%,+5%]; 开盘涨幅≤+3%且不破昨收-3%视为买点触发",昨收45.34,高位情绪兑现/次日低开大幅回撤/炸板断板/概念退潮,1
2026-04-07,2026-04-08,aggressive,lu,603260.SH,合盛硅业,化学制品,有机硅概念,4.3491105947902176,5.0,84.0,"{'theme': 0.2, 'concept': 1.0, 'ladder': 0.55, 'seal': 1.0, 'time': 0.85, 'liq': 1.0, 'struct': 1.0}",涨停组: 有机硅方向/有机硅概念 1板 封单比24.8% 涨停时间10:01 题材内涨停2家 概念内涨停5家 驱动概念[有机硅概念] 成交5.3亿,有机硅+碳化硅+定增热电,1连板 换手承接量比1.74,"次日竞价与开盘承接: 高开幅度观察区间[-2%,+5%]; 开盘涨幅≤+3%且不破昨收-3%视为买点触发",昨收43.02,高位情绪兑现/次日低开大幅回撤/炸板断板/概念退潮,1
2026-04-07,2026-04-08,aggressive,lu,002873.SZ,新天药业,中药,西部大开发,1.2760945735064588,12.0,82.5,"{'theme': 0.2, 'concept': 1.0, 'ladder': 0.55, 'seal': 0.7, 'time': 1.0, 'liq': 1.0, 'struct': 1.0}",涨停组: 创新药方向/西部大开发 1板 封单比9.4% 涨停时间09:32 题材内涨停2家 概念内涨停12家 驱动概念[西部大开发] 成交4.2亿,创新药+心脑血管+独家品种,1连板 换手承接量比1.92,"次日竞价与开盘承接: 高开幅度观察区间[-2%,+5%]; 开盘涨幅≤+3%且不破昨收-3%视为买点触发",昨收11.9,高位情绪兑现/次日低开大幅回撤/炸板断板/概念退潮,1
2026-04-08,2026-04-09,normal,lu,002181.SZ,粤传媒,文化传媒,AIGC概念,6.145515474377516,12.0,92.0,"{'theme': 1.0, 'concept': 1.0, 'ladder': 0.9, 'seal': 1.0, 'time': 1.0, 'liq': 1.0, 'struct': 0.6}",涨停组: AI营销方向/AIGC概念 2板 封单比18.3% 涨停时间09:31 题材内涨停6家 概念内涨停12家 驱动概念[AIGC概念] 成交6.3亿,AI营销+全运会IP+广州国资+年报增长,2连板 换手承接量比0.70,"次日竞价与开盘承接: 高开幅度观察区间[-2%,+5%]; 开盘涨幅≤+3%且不破昨收-3%视为买点触发",昨收12.99,高位情绪兑现/次日低开大幅回撤/炸板断板/概念退潮,1
2026-04-08,2026-04-09,normal,lu,002995.SZ,天地在线,文化传媒,快手概念,7.701184605438649,7.0,88.0,"{'theme': 1.0, 'concept': 1.0, 'ladder': 0.55, 'seal': 1.0, 'time': 0.85, 'liq': 1.0, 'struct': 1.0}",涨停组: AI营销方向/快手概念 1板 封单比19.9% 涨停时间10:23 题材内涨停6家 概念内涨停7家 驱动概念[快手概念] 成交4.8亿,AI营销+抖音概念+持股中书艺莲+VR文旅,1连板 换手承接量比0.98,"次日竞价与开盘承接: 高开幅度观察区间[-2%,+5%]; 开盘涨幅≤+3%且不破昨收-3%视为买点触发",昨收24.76,高位情绪兑现/次日低开大幅回撤/炸板断板/概念退潮,1
2026-04-08,2026-04-09,normal,nlu,000070.SZ,特发信息,通信设备,共封装光学(CPO),6.58915702651357,17.0,87.91796875,"{'sector': 0.91671875, 'trend': 1.0, 'pos': 0.6, 'mom': 1.0, 'liq': 1.0, 'recog': 1.0}","非涨停组: 趋势结构多头(MA20>MA60且上行), 处于活跃板块[通信设备](当日涨幅分位87%, 板块涨停6家) 驱动概念[共封装光学(CPO)] 距60日高点6.5% 20日涨幅8.7%",板块[通信设备]轮动延续/资金承接/概念热度,收盘18.98 MA20上方 量比0.88,"次日开盘[-2%,+3%]为观察区间; 收盘站上max(开盘,昨收)视为买点触发",昨收18.98,板块退潮补跌/概念退潮/资金承接不足/持续阴跌,1
2026-04-08,2026-04-09,normal,nlu,000688.SZ,国城矿业,小金属,金属铅,5.79697175154954,4.0,85.9921875,"{'sector': 0.8396874999999999, 'trend': 1.0, 'pos': 0.6, 'mom': 1.0, 'liq': 1.0, 'recog': 1.0}","非涨停组: 趋势结构多头(MA20>MA60且上行), 处于活跃板块[小金属](当日涨幅分位81%, 板块涨停2家) 驱动概念[金属铅] 距60日高点7.0% 20日涨幅15.4%",板块[小金属]轮动延续/资金承接/概念热度,收盘40.26 MA20上方 量比1.00,"次日开盘[-2%,+3%]为观察区间; 收盘站上max(开盘,昨收)视为买点触发",昨收40.26,板块退潮补跌/概念退潮/资金承接不足/持续阴跌,1
2026-04-09,2026-04-10,defensive,lu,002975.SZ,博杰股份,自动化设备,苹果概念,1.0503296296906495,6.0,90.5,"{'theme': 0.4, 'concept': 1.0, 'ladder': 0.9, 'seal': 0.7, 'time': 1.0, 'liq': 1.0, 'struct': 1.0}",涨停组: 液冷服务器方向/苹果概念 2板 封单比14.0% 涨停时间09:39 题材内涨停3家 概念内涨停6家 驱动概念[苹果概念] 成交9.8亿,液冷服务器+AI服务器测试+年报增长,2连板 换手承接量比1.88,"次日竞价与开盘承接: 高开幅度观察区间[-2%,+5%]; 开盘涨幅≤+3%且不破昨收-3%视为买点触发",昨收86.9,高位情绪兑现/次日低开大幅回撤/炸板断板/概念退潮,1
2026-04-09,2026-04-10,defensive,lu,002328.SZ,新朋股份,汽车零部件,液冷服务器,0.6077091309355076,7.0,80.5,"{'theme': 0.4, 'concept': 1.0, 'ladder': 0.55, 'seal': 0.7, 'time': 0.85, 'liq': 1.0, 'struct': 1.0}",涨停组: 液冷服务器方向/液冷服务器 1板 封单比8.5% 涨停时间09:48 题材内涨停3家 概念内涨停7家 驱动概念[液冷服务器] 成交8.2亿,液冷服务器+汽车零部件+特斯拉+回购,1连板 换手承接量比1.09,"次日竞价与开盘承接: 高开幅度观察区间[-2%,+5%]; 开盘涨幅≤+3%且不破昨收-3%视为买点触发",昨收9.19,高位情绪兑现/次日低开大幅回撤/炸板断板/概念退潮,1
2026-04-09,2026-04-10,defensive,nlu,603256.SH,宏和科技,电子化学品,苹果概念,1.0503296296906495,6.0,89.7109375,"{'sector': 0.8584375, 'trend': 1.0, 'pos': 0.85, 'mom': 0.7, 'liq': 1.0, 'recog': 1.0}","非涨停组: 趋势结构多头(MA20>MA60且上行), 处于活跃板块[电子化学品](当日涨幅分位93%, 板块涨停1家) 驱动概念[苹果概念] 距60日高点11.2% 20日涨幅4.3%",板块[电子化学品]轮动延续/资金承接/概念热度,收盘76.17 MA20上方 量比1.02,"次日开盘[-2%,+3%]为观察区间; 收盘站上max(开盘,昨收)视为买点触发",昨收76.17,板块退潮补跌/概念退潮/资金承接不足/持续阴跌,1
2026-04-10,2026-04-13,normal,lu,600707.SH,彩虹股份,光学光电子,人民币贬值受益,1.2484247382793745,9.0,94.0,"{'theme': 0.2, 'concept': 1.0, 'ladder': 0.9, 'seal': 1.0, 'time': 1.0, 'liq': 1.0, 'struct': 1.0}",涨停组: 玻璃基板方向/人民币贬值受益 2板 封单比18.0% 涨停时间09:30 题材内涨停2家 概念内涨停9家 驱动概念[人民币贬值受益] 成交6.5亿,玻璃基板+ITC胜诉+国企改革,2连板 换手承接量比2.38,"次日竞价与开盘承接: 高开幅度观察区间[-2%,+5%]; 开盘涨幅≤+3%且不破昨收-3%视为买点触发",昨收7.02,高位情绪兑现/次日低开大幅回撤/炸板断板/概念退潮,1
2026-04-10,2026-04-13,normal,lu,603200.SH,上海洗霸,环境治理,钠离子电池,2.5027416229820076,5.0,85.0,"{'theme': 0.4, 'concept': 1.0, 'ladder': 0.55, 'seal': 1.0, 'time': 0.85, 'liq': 1.0, 'struct': 1.0}",涨停组: 固态电池方向/钠离子电池 1板 封单比35.5% 涨停时间10:02 题材内涨停3家 概念内涨停5家 驱动概念[钠离子电池] 成交5.1亿,固态电池+液冷服务器+业绩预增,1连板 换手承接量比1.53,"次日竞价与开盘承接: 高开幅度观察区间[-2%,+5%]; 开盘涨幅≤+3%且不破昨收-3%视为买点触发",昨收61.71,高位情绪兑现/次日低开大幅回撤/炸板断板/概念退潮,1
2026-04-10,2026-04-13,normal,nlu,600110.SH,诺德股份,电池,固态电池,2.161148094429355,6.0,89.26953125,"{'sector': 0.9707812500000002, 'trend': 1.0, 'pos': 0.6, 'mom': 1.0, 'liq': 1.0, 'recog': 1.0}","非涨停组: 趋势结构多头(MA20>MA60且上行), 处于活跃板块[电池](当日涨幅分位99%, 板块涨停4家) 驱动概念[固态电池] 距60日高点7.2% 20日涨幅20.2%",板块[电池]轮动延续/资金承接/概念热度,收盘9.88 MA20上方 量比1.03,"次日开盘[-2%,+3%]为观察区间; 收盘站上max(开盘,昨收)视为买点触发",昨收9.88,板块退潮补跌/概念退潮/资金承接不足/持续阴跌,1
2026-04-10,2026-04-13,normal,nlu,603308.SH,应流股份,通用设备,无人机,1.0590861401609475,4.0,83.45703125,"{'sector': 0.73828125, 'trend': 1.0, 'pos': 0.6, 'mom': 1.0, 'liq': 1.0, 'recog': 1.0}","非涨停组: 趋势结构多头(MA20>MA60且上行), 处于活跃板块[通用设备](当日涨幅分位61%, 板块涨停2家) 驱动概念[无人机] 距60日高点7.2% 20日涨幅11.7%",板块[通用设备]轮动延续/资金承接/概念热度,收盘71.20 MA20上方 量比1.13,"次日开盘[-2%,+3%]为观察区间; 收盘站上max(开盘,昨收)视为买点触发",昨收71.20,板块退潮补跌/概念退潮/资金承接不足/持续阴跌,1
2026-04-13,2026-04-14,normal,lu,002439.SZ,启明星辰,软件开发,2026一季报预增,1.748647753217658,4.0,87.0,"{'theme': 0.2, 'concept': 1.0, 'ladder': 0.55, 'seal': 1.0, 'time': 1.0, 'liq': 1.0, 'struct': 1.0}",涨停组: 一季报预增方向/2026一季报预增 1板 封单比30.2% 涨停时间09:25 题材内涨停2家 概念内涨停4家 驱动概念[2026一季报预增] 成交3.9亿,一季报预增+AI安全+央企,1连板 换手承接量比2.01,"次日竞价与开盘承接: 高开幅度观察区间[-2%,+5%]; 开盘涨幅≤+3%且不破昨收-3%视为买点触发",昨收14.26,高位情绪兑现/次日低开大幅回撤/炸板断板/概念退潮,1
2026-04-13,2026-04-14,normal,lu,603897.SH,长城科技,电网设备,比亚迪概念,0.4776095608686193,10.0,82.5,"{'theme': 0.2, 'concept': 1.0, 'ladder': 0.55, 'seal': 0.7, 'time': 1.0, 'liq': 1.0, 'struct': 1.0}",涨停组: 机器人方向/比亚迪概念 1板 封单比9.0% 涨停时间09:43 题材内涨停2家 概念内涨停10家 驱动概念[比亚迪概念] 成交5.6亿,机器人+电磁线+新能源汽车,1连板 换手承接量比0.96,"次日竞价与开盘承接: 高开幅度观察区间[-2%,+5%]; 开盘涨幅≤+3%且不破昨收-3%视为买点触发",昨收40.87,高位情绪兑现/次日低开大幅回撤/炸板断板/概念退潮,1
2026-04-13,2026-04-14,normal,nlu,000815.SZ,美利云,通信服务,东数西算(算力),0.9311670388896687,11.0,91.08984375,"{'sector': 0.7935937500000001, 'trend': 1.0, 'pos': 0.85, 'mom': 1.0, 'liq': 1.0, 'recog': 1.0}","非涨停组: 趋势结构多头(MA20>MA60且上行), 处于活跃板块[通信服务](当日涨幅分位79%, 板块涨停2家) 驱动概念[东数西算(算力)] 距60日高点10.3% 20日涨幅19.6%",板块[通信服务]轮动延续/资金承接/概念热度,收盘20.28 MA20上方 量比1.05,"次日开盘[-2%,+3%]为观察区间; 收盘站上max(开盘,昨收)视为买点触发",昨收20.28,板块退潮补跌/概念退潮/资金承接不足/持续阴跌,1
2026-04-13,2026-04-14,normal,nlu,002463.SZ,沪电股份,元件,2026一季报预增,1.748647753217658,4.0,89.234375,"{'sector': 0.9693749999999999, 'trend': 1.0, 'pos': 0.6, 'mom': 1.0, 'liq': 1.0, 'recog': 1.0}","非涨停组: 趋势结构多头(MA20>MA60且上行), 处于活跃板块[元件](当日涨幅分位95%, 板块涨停2家) 驱动概念[2026一季报预增] 距60日高点5.6% 20日涨幅9.2%",板块[元件]轮动延续/资金承接/概念热度,收盘88.26 MA20上方 量比0.91,"次日开盘[-2%,+3%]为观察区间; 收盘站上max(开盘,昨收)视为买点触发",昨收88.26,板块退潮补跌/概念退潮/资金承接不足/持续阴跌,1
2026-04-14,2026-04-15,normal,lu,000620.SZ,盈新发展,房地产,存储芯片,3.0361327716070585,5.0,88.0,"{'theme': 0.4, 'concept': 1.0, 'ladder': 0.55, 'seal': 1.0, 'time': 1.0, 'liq': 1.0, 'struct': 1.0}",涨停组: 存储芯片方向/存储芯片 1板 封单比15.7% 涨停时间09:45 题材内涨停3家 概念内涨停5家 驱动概念[存储芯片] 成交6.7亿,存储芯片+拟收购长兴半导体+文旅地产,1连板 换手承接量比1.51,"次日竞价与开盘承接: 高开幅度观察区间[-2%,+5%]; 开盘涨幅≤+3%且不破昨收-3%视为买点触发",昨收3.11,高位情绪兑现/次日低开大幅回撤/炸板断板/概念退潮,1
2026-04-14,2026-04-15,normal,lu,002213.SZ,大为股份,半导体,存储芯片,3.0361327716070585,5.0,82.0,"{'theme': 0.4, 'concept': 1.0, 'ladder': 0.55, 'seal': 1.0, 'time': 1.0, 'liq': 1.0, 'struct': 0.6}",涨停组: 存储芯片方向/存储芯片 1板 封单比16.9% 涨停时间09:43 题材内涨停3家 概念内涨停5家 驱动概念[存储芯片] 成交6.6亿,存储芯片+锂矿资源+拟定增,1连板 换手承接量比0.42,"次日竞价与开盘承接: 高开幅度观察区间[-2%,+5%]; 开盘涨幅≤+3%且不破昨收-3%视为买点触发",昨收38.08,高位情绪兑现/次日低开大幅回撤/炸板断板/概念退潮,1
2026-04-14,2026-04-15,normal,nlu,603308.SH,应流股份,通用设备,商业航天,1.9717293124915436,4.0,92.296875,"{'sector': 0.8418749999999999, 'trend': 1.0, 'pos': 0.85, 'mom': 1.0, 'liq': 1.0, 'recog': 1.0}","非涨停组: 趋势结构多头(MA20>MA60且上行), 处于活跃板块[通用设备](当日涨幅分位79%, 板块涨停2家) 驱动概念[商业航天] 距60日高点13.2% 20日涨幅8.1%",板块[通用设备]轮动延续/资金承接/概念热度,收盘66.58 MA20上方 量比1.01,"次日开盘[-2%,+3%]为观察区间; 收盘站上max(开盘,昨收)视为买点触发",昨收66.58,板块退潮补跌/概念退潮/资金承接不足/持续阴跌,1
2026-04-14,2026-04-15,normal,nlu,000338.SZ,潍柴动力,汽车零部件,固态电池,2.0240228061914056,6.0,89.4453125,"{'sector': 0.7278125, 'trend': 1.0, 'pos': 0.85, 'mom': 1.0, 'liq': 1.0, 'recog': 1.0}","非涨停组: 趋势结构多头(MA20>MA60且上行), 处于活跃板块[汽车零部件](当日涨幅分位62%, 板块涨停3家) 驱动概念[固态电池] 距60日高点13.3% 20日涨幅6.6%",板块[汽车零部件]轮动延续/资金承接/概念热度,收盘25.87 MA20上方 量比1.08,"次日开盘[-2%,+3%]为观察区间; 收盘站上max(开盘,昨收)视为买点触发",昨收25.87,板块退潮补跌/概念退潮/资金承接不足/持续阴跌,1
2026-04-15,2026-04-16,defensive,lu,600664.SH,哈药股份,化学制药,仿制药一致性评价,2.4198791880719384,8.0,84.0,"{'theme': 0.6, 'concept': 1.0, 'ladder': 0.9, 'seal': 0.4, 'time': 0.85, 'liq': 1.0, 'struct': 1.0}",涨停组: 创新药方向/仿制药一致性评价 2板 封单比7.2% 涨停时间09:59 题材内涨停4家 概念内涨停8家 驱动概念[仿制药一致性评价] 成交19.7亿,创新药+保健品+仿制药一致性评价,2连板 换手承接量比1.79,"次日竞价与开盘承接: 高开幅度观察区间[-2%,+5%]; 开盘涨幅≤+3%且不破昨收-3%视为买点触发",昨收4.44,高位情绪兑现/次日低开大幅回撤/炸板断板/概念退潮,1
2026-04-15,2026-04-16,defensive,lu,600267.SH,海正药业,化学制药,仿制药一致性评价,2.4198791880719384,8.0,81.5,"{'theme': 0.6, 'concept': 1.0, 'ladder': 0.55, 'seal': 0.7, 'time': 0.85, 'liq': 1.0, 'struct': 1.0}",涨停组: 创新药方向/仿制药一致性评价 1板 封单比12.0% 涨停时间09:54 题材内涨停4家 概念内涨停8家 驱动概念[仿制药一致性评价] 成交5.5亿,创新药+合成生物+浙江国资,1连板 换手承接量比2.40,"次日竞价与开盘承接: 高开幅度观察区间[-2%,+5%]; 开盘涨幅≤+3%且不破昨收-3%视为买点触发",昨收11.39,高位情绪兑现/次日低开大幅回撤/炸板断板/概念退潮,1
2026-04-15,2026-04-16,defensive,nlu,000338.SZ,潍柴动力,汽车零部件,高股息精选,0.6794737006464269,3.0,87.44921875,"{'sector': 0.64796875, 'trend': 1.0, 'pos': 0.85, 'mom': 1.0, 'liq': 1.0, 'recog': 1.0}","非涨停组: 趋势结构多头(MA20>MA60且上行), 处于活跃板块[汽车零部件](当日涨幅分位63%, 板块涨停1家) 驱动概念[高股息精选] 距60日高点11.9% 20日涨幅7.7%",板块[汽车零部件]轮动延续/资金承接/概念热度,收盘26.28 MA20上方 量比0.99,"次日开盘[-2%,+3%]为观察区间; 收盘站上max(开盘,昨收)视为买点触发",昨收26.28,板块退潮补跌/概念退潮/资金承接不足/持续阴跌,1
2026-04-16,2026-04-17,aggressive,lu,605060.SH,联德股份,通用设备,液冷服务器,2.372657379044596,8.0,89.0,"{'theme': 0.6, 'concept': 1.0, 'ladder': 0.55, 'seal': 1.0, 'time': 1.0, 'liq': 1.0, 'struct': 1.0}",涨停组: 燃气轮机方向/液冷服务器 1板 封单比19.2% 涨停时间09:45 题材内涨停4家 概念内涨停8家 驱动概念[液冷服务器] 成交5.0亿,燃气轮机+液冷+年报增长,1连板 换手承接量比0.82,"次日竞价与开盘承接: 高开幅度观察区间[-2%,+5%]; 开盘涨幅≤+3%且不破昨收-3%视为买点触发",昨收58.95,高位情绪兑现/次日低开大幅回撤/炸板断板/概念退潮,1
2026-04-16,2026-04-17,aggressive,lu,600768.SH,宁波富邦,电网设备,2026一季报预增,3.287996137942617,7.0,84.0,"{'theme': 0.4, 'concept': 1.0, 'ladder': 0.55, 'seal': 1.0, 'time': 1.0, 'liq': 0.6, 'struct': 1.0}",涨停组: 一季报预增方向/2026一季报预增 1板 封单比58.5% 涨停时间09:35 题材内涨停3家 概念内涨停7家 驱动概念[2026一季报预增] 成交1.9亿,一季报预增+受益于银价上涨+电接触,1连板 换手承接量比1.30,"次日竞价与开盘承接: 高开幅度观察区间[-2%,+5%]; 开盘涨幅≤+3%且不破昨收-3%视为买点触发",昨收17.52,高位情绪兑现/次日低开大幅回撤/炸板断板/概念退潮,1
2026-04-17,2026-04-20,normal,lu,600156.SH,华升股份,纺织制造,消费电子概念,1.640387724513026,18.0,91.5,"{'theme': 0.6, 'concept': 1.0, 'ladder': 0.9, 'seal': 0.7, 'time': 1.0, 'liq': 1.0, 'struct': 1.0}",涨停组: 算力租赁方向/消费电子概念 2板 封单比8.8% 涨停时间09:30 题材内涨停4家 概念内涨停18家 驱动概念[消费电子概念] 成交3.8亿,算力租赁+拟收购易信科技+湖南国资,2连板 换手承接量比1.89,"次日竞价与开盘承接: 高开幅度观察区间[-2%,+5%]; 开盘涨幅≤+3%且不破昨收-3%视为买点触发",昨收9.26,高位情绪兑现/次日低开大幅回撤/炸板断板/概念退潮,1
2026-04-17,2026-04-20,normal,lu,600520.SH,三佳科技,专用设备,先进封装,2.909789433310772,11.0,85.0,"{'theme': 0.4, 'concept': 1.0, 'ladder': 0.55, 'seal': 1.0, 'time': 0.85, 'liq': 1.0, 'struct': 1.0}",涨停组: 先进封装方向/先进封装 1板 封单比17.0% 涨停时间10:25 题材内涨停3家 概念内涨停11家 驱动概念[先进封装] 成交3.3亿,先进封装+半导体设备+合肥国资,1连板 换手承接量比1.98,"次日竞价与开盘承接: 高开幅度观察区间[-2%,+5%]; 开盘涨幅≤+3%且不破昨收-3%视为买点触发",昨收27.81,高位情绪兑现/次日低开大幅回撤/炸板断板/概念退潮,1
2026-04-17,2026-04-20,normal,nlu,000973.SZ,佛塑科技,塑料制品,OLED,1.9250588664715185,10.0,94.07421875,"{'sector': 0.9129687500000001, 'trend': 1.0, 'pos': 0.85, 'mom': 1.0, 'liq': 1.0, 'recog': 1.0}","非涨停组: 趋势结构多头(MA20>MA60且上行), 处于活跃板块[塑料制品](当日涨幅分位93%, 板块涨停3家) 驱动概念[OLED] 距60日高点11.1% 20日涨幅23.0%",板块[塑料制品]轮动延续/资金承接/概念热度,收盘18.40 MA20上方 量比1.14,"次日开盘[-2%,+3%]为观察区间; 收盘站上max(开盘,昨收)视为买点触发",昨收18.40,板块退潮补跌/概念退潮/资金承接不足/持续阴跌,1
2026-04-17,2026-04-20,normal,nlu,600563.SH,法拉电子,元件,PCB概念,2.8027916489179905,11.0,92.48828125,"{'sector': 0.96953125, 'trend': 1.0, 'pos': 0.85, 'mom': 0.7, 'liq': 1.0, 'recog': 1.0}","非涨停组: 趋势结构多头(MA20>MA60且上行), 处于活跃板块[元件](当日涨幅分位95%, 板块涨停2家) 驱动概念[PCB概念] 距60日高点11.0% 20日涨幅3.6%",板块[元件]轮动延续/资金承接/概念热度,收盘125.39 MA20上方 量比1.05,"次日开盘[-2%,+3%]为观察区间; 收盘站上max(开盘,昨收)视为买点触发",昨收125.39,板块退潮补跌/概念退潮/资金承接不足/持续阴跌,1
2026-04-20,2026-04-21,aggressive,lu,600156.SH,华升股份,纺织制造,液冷服务器,1.7832701333603485,9.0,96.0,"{'theme': 0.2, 'concept': 1.0, 'ladder': 1.0, 'seal': 1.0, 'time': 1.0, 'liq': 1.0, 'struct': 1.0}",涨停组: 算力租赁方向/液冷服务器 3板 封单比27.2% 涨停时间09:31 题材内涨停2家 概念内涨停9家 驱动概念[液冷服务器] 成交3.6亿,算力租赁+液冷+拟收购易信科技+湖南国资,3连板 换手承接量比1.47,"次日竞价与开盘承接: 高开幅度观察区间[-2%,+5%]; 开盘涨幅≤+3%且不破昨收-3%视为买点触发",昨收10.19,高位情绪兑现/次日低开大幅回撤/炸板断板/概念退潮,1
2026-04-20,2026-04-21,aggressive,lu,600707.SH,彩虹股份,光学光电子,西部大开发,0.949289145786425,10.0,89.5,"{'theme': 0.2, 'concept': 1.0, 'ladder': 0.9, 'seal': 0.7, 'time': 1.0, 'liq': 1.0, 'struct': 1.0}",涨停组: 玻璃基板方向/西部大开发 2板 封单比12.6% 涨停时间09:32 题材内涨停2家 概念内涨停10家 驱动概念[西部大开发] 成交9.4亿,玻璃基板+ITC胜诉+国企改革,2连板 换手承接量比0.83,"次日竞价与开盘承接: 高开幅度观察区间[-2%,+5%]; 开盘涨幅≤+3%且不破昨收-3%视为买点触发",昨收8.57,高位情绪兑现/次日低开大幅回撤/炸板断板/概念退潮,1
2026-04-21,2026-04-22,defensive,lu,603017.SH,中衡设计,建筑装饰,建筑节能,0.22875891453437713,3.0,90.0,"{'theme': 0.8, 'concept': 0.8, 'ladder': 0.9, 'seal': 1.0, 'time': 1.0, 'liq': 0.6, 'struct': 1.0}",涨停组: 商业航天方向/建筑节能 2板 封单比40.5% 涨停时间09:30 题材内涨停5家 概念内涨停3家 驱动概念[建筑节能] 成交2.3亿,商业航天+低空经济+工程设计,2连板 换手承接量比0.87,"次日竞价与开盘承接: 高开幅度观察区间[-2%,+5%]; 开盘涨幅≤+3%且不破昨收-3%视为买点触发",昨收15.63,高位情绪兑现/次日低开大幅回撤/炸板断板/概念退潮,1
2026-04-21,2026-04-22,defensive,lu,002361.SZ,神剑股份,塑料制品,污水处理,0.3311195683439294,4.0,88.0,"{'theme': 0.8, 'concept': 1.0, 'ladder': 0.9, 'seal': 0.4, 'time': 1.0, 'liq': 1.0, 'struct': 1.0}",涨停组: 商业航天方向/污水处理 2板 封单比3.4% 涨停时间09:36 题材内涨停5家 概念内涨停4家 驱动概念[污水处理] 成交79.9亿,商业航天+无人机+聚酯树脂+地方国资,2连板 换手承接量比0.99,"次日竞价与开盘承接: 高开幅度观察区间[-2%,+5%]; 开盘涨幅≤+3%且不破昨收-3%视为买点触发",昨收22.69,高位情绪兑现/次日低开大幅回撤/炸板断板/概念退潮,1
2026-04-21,2026-04-22,defensive,nlu,601778.SH,晶科科技,电力,绿色电力,0.32034622687051595,7.0,94.41015625,"{'sector': 0.9264062499999999, 'trend': 1.0, 'pos': 0.85, 'mom': 1.0, 'liq': 1.0, 'recog': 1.0}","非涨停组: 趋势结构多头(MA20>MA60且上行), 处于活跃板块[电力](当日涨幅分位95%, 板块涨停5家) 驱动概念[绿色电力] 距60日高点13.4% 20日涨幅18.0%",板块[电力]轮动延续/资金承接/概念热度,收盘6.31 MA20上方 量比0.88,"次日开盘[-2%,+3%]为观察区间; 收盘站上max(开盘,昨收)视为买点触发",昨收6.31,板块退潮补跌/概念退潮/资金承接不足/持续阴跌,1
2026-04-22,2026-04-23,normal,lu,603618.SH,杭电股份,电网设备,光纤概念,3.6340745844638533,8.0,75.0,"{'theme': 0.2, 'concept': 1.0, 'ladder': 0.55, 'seal': 0.4, 'time': 0.85, 'liq': 1.0, 'struct': 1.0}",涨停组: 一季报增长方向/光纤概念 1板 封单比5.9% 涨停时间09:49 题材内涨停2家 概念内涨停8家 驱动概念[光纤概念] 成交20.3亿,一季报增长+光纤涨价+特高压+锂电铜箔,1连板 换手承接量比0.85,"次日竞价与开盘承接: 高开幅度观察区间[-2%,+5%]; 开盘涨幅≤+3%且不破昨收-3%视为买点触发",昨收28.55,高位情绪兑现/次日低开大幅回撤/炸板断板/概念退潮,1
2026-04-22,2026-04-23,normal,nlu,601179.SH,中国西电,电网设备,第三代半导体,2.274631431363394,6.0,90.58984375,"{'sector': 0.7735937500000001, 'trend': 1.0, 'pos': 0.85, 'mom': 1.0, 'liq': 1.0, 'recog': 1.0}","非涨停组: 趋势结构多头(MA20>MA60且上行), 处于活跃板块[电网设备](当日涨幅分位75%, 板块涨停3家) 驱动概念[第三代半导体] 距60日高点13.1% 20日涨幅9.7%",板块[电网设备]轮动延续/资金承接/概念热度,收盘17.89 MA20上方 量比0.83,"次日开盘[-2%,+3%]为观察区间; 收盘站上max(开盘,昨收)视为买点触发",昨收17.89,板块退潮补跌/概念退潮/资金承接不足/持续阴跌,1
2026-04-22,2026-04-23,normal,nlu,000973.SZ,佛塑科技,塑料制品,OLED,2.289450716811614,5.0,90.03125,"{'sector': 0.7512500000000001, 'trend': 1.0, 'pos': 0.85, 'mom': 1.0, 'liq': 1.0, 'recog': 1.0}","非涨停组: 趋势结构多头(MA20>MA60且上行), 处于活跃板块[塑料制品](当日涨幅分位81%, 板块涨停1家) 驱动概念[OLED] 距60日高点12.1% 20日涨幅10.2%",板块[塑料制品]轮动延续/资金承接/概念热度,收盘18.19 MA20上方 量比0.82,"次日开盘[-2%,+3%]为观察区间; 收盘站上max(开盘,昨收)视为买点触发",昨收18.19,板块退潮补跌/概念退潮/资金承接不足/持续阴跌,1
2026-04-23,2026-04-24,defensive,lu,603618.SH,杭电股份,电网设备,抽水蓄能,0.42959701349669643,3.0,81.25,"{'theme': 0.8, 'concept': 0.8, 'ladder': 0.9, 'seal': 0.15, 'time': 1.0, 'liq': 1.0, 'struct': 1.0}",涨停组: 一季报增长方向/抽水蓄能 2板 封单比2.7% 涨停时间09:35 题材内涨停5家 概念内涨停3家 驱动概念[抽水蓄能] 成交31.8亿,一季报增长+光纤涨价+特高压+锂电铜箔,2连板 换手承接量比1.14,"次日竞价与开盘承接: 高开幅度观察区间[-2%,+5%]; 开盘涨幅≤+3%且不破昨收-3%视为买点触发",昨收31.41,高位情绪兑现/次日低开大幅回撤/炸板断板/概念退潮,1
2026-04-23,2026-04-24,defensive,lu,600986.SH,浙文互联,文化传媒,算力租赁,-0.1864435207421633,7.0,79.0,"{'theme': 0.4, 'concept': 1.0, 'ladder': 0.55, 'seal': 0.4, 'time': 1.0, 'liq': 1.0, 'struct': 1.0}",涨停组: 算力租赁方向/算力租赁 1板 封单比4.6% 涨停时间09:44 题材内涨停3家 概念内涨停7家 驱动概念[算力租赁] 成交36.2亿,算力租赁+AI营销+浙江国资,1连板 换手承接量比1.52,"次日竞价与开盘承接: 高开幅度观察区间[-2%,+5%]; 开盘涨幅≤+3%且不破昨收-3%视为买点触发",昨收12.13,高位情绪兑现/次日低开大幅回撤/炸板断板/概念退潮,1
2026-04-23,2026-04-24,defensive,nlu,000155.SZ,川能动力,电力,绿色电力,-0.16884864986198567,13.0,85.1015625,"{'sector': 0.9640625, 'trend': 0.8, 'pos': 0.6, 'mom': 1.0, 'liq': 1.0, 'recog': 1.0}","非涨停组: 趋势结构多头(MA20>MA60且上行), 处于活跃板块[电力](当日涨幅分位95%, 板块涨停6家) 驱动概念[绿色电力] 距60日高点8.1% 20日涨幅15.1%",板块[电力]轮动延续/资金承接/概念热度,收盘16.73 MA20上方 量比1.00,"次日开盘[-2%,+3%]为观察区间; 收盘站上max(开盘,昨收)视为买点触发",昨收16.73,板块退潮补跌/概念退潮/资金承接不足/持续阴跌,1
2026-04-24,2026-04-27,defensive,lu,600726.SH,华电能源,煤炭开采加工,煤炭概念,-0.27606403320084016,3.0,79.25,"{'theme': 0.4, 'concept': 0.8, 'ladder': 0.9, 'seal': 0.15, 'time': 1.0, 'liq': 1.0, 'struct': 1.0}",涨停组: 一季报增长方向/煤炭概念 2板 封单比0.8% 涨停时间09:34 题材内涨停3家 概念内涨停3家 驱动概念[煤炭概念] 成交28.6亿,一季报增长+绿电转型+热电联产+煤炭,2连板 换手承接量比1.51,"次日竞价与开盘承接: 高开幅度观察区间[-2%,+5%]; 开盘涨幅≤+3%且不破昨收-3%视为买点触发",昨收5.8,高位情绪兑现/次日低开大幅回撤/炸板断板/概念退潮,1
2026-04-24,2026-04-27,defensive,lu,603967.SH,中创物流,物流,中韩自贸区,0.49796380307800536,1.0,75.0,"{'theme': 0.4, 'concept': 0.4, 'ladder': 0.55, 'seal': 1.0, 'time': 1.0, 'liq': 0.6, 'struct': 1.0}",涨停组: 一季报增长方向/中韩自贸区 1板 封单比60.8% 涨停时间09:39 题材内涨停3家 概念内涨停1家 驱动概念[中韩自贸区] 成交1.6亿,一季报增长+工程物流+海外布局,1连板 换手承接量比2.45,"次日竞价与开盘承接: 高开幅度观察区间[-2%,+5%]; 开盘涨幅≤+3%且不破昨收-3%视为买点触发",昨收14.73,高位情绪兑现/次日低开大幅回撤/炸板断板/概念退潮,1
2026-04-24,2026-04-27,defensive,nlu,000408.SZ,藏格矿业,农化制品,盐湖提锂,2.487305371384374,4.0,88.69921875,"{'sector': 0.94796875, 'trend': 1.0, 'pos': 0.6, 'mom': 1.0, 'liq': 1.0, 'recog': 1.0}","非涨停组: 趋势结构多头(MA20>MA60且上行), 处于活跃板块[农化制品](当日涨幅分位96%, 板块涨停2家) 驱动概念[盐湖提锂] 距60日高点5.6% 20日涨幅18.0%",板块[农化制品]轮动延续/资金承接/概念热度,收盘90.25 MA20上方 量比1.03,"次日开盘[-2%,+3%]为观察区间; 收盘站上max(开盘,昨收)视为买点触发",昨收90.25,板块退潮补跌/概念退潮/资金承接不足/持续阴跌,1
2026-04-27,2026-04-28,defensive,lu,002115.SZ,三维通信,通信服务,智慧灯杆,1.791825452920337,4.0,91.0,"{'theme': 1.0, 'concept': 1.0, 'ladder': 0.55, 'seal': 1.0, 'time': 1.0, 'liq': 1.0, 'struct': 1.0}",涨停组: 一季报增长方向/智慧灯杆 1板 封单比19.3% 涨停时间09:31 题材内涨停7家 概念内涨停4家 驱动概念[智慧灯杆] 成交8.6亿,一季报增长+商业航天+5G中标+AI营销,1连板 换手承接量比1.20,"次日竞价与开盘承接: 高开幅度观察区间[-2%,+5%]; 开盘涨幅≤+3%且不破昨收-3%视为买点触发",昨收13.33,高位情绪兑现/次日低开大幅回撤/炸板断板/概念退潮,1
2026-04-27,2026-04-28,defensive,lu,002134.SZ,天津普林,元件,先进封装,3.017163232675535,6.0,85.0,"{'theme': 1.0, 'concept': 1.0, 'ladder': 0.55, 'seal': 1.0, 'time': 0.7, 'liq': 1.0, 'struct': 1.0}",涨停组: 一季报增长方向/先进封装 1板 封单比23.2% 涨停时间11:02 题材内涨停7家 概念内涨停6家 驱动概念[先进封装] 成交4.8亿,一季报增长+PCB+玻璃芯基板+AI服务器,1连板 换手承接量比1.95,"次日竞价与开盘承接: 高开幅度观察区间[-2%,+5%]; 开盘涨幅≤+3%且不破昨收-3%视为买点触发",昨收24.98,高位情绪兑现/次日低开大幅回撤/炸板断板/概念退潮,1
2026-04-27,2026-04-28,defensive,nlu,001309.SZ,德明利,半导体,存储芯片,3.033599035658008,3.0,91.8671875,"{'sector': 0.9846875000000002, 'trend': 0.8, 'pos': 0.85, 'mom': 1.0, 'liq': 1.0, 'recog': 1.0}","非涨停组: 趋势结构多头(MA20>MA60且上行), 处于活跃板块[半导体](当日涨幅分位99%, 板块涨停3家) 驱动概念[存储芯片] 距60日高点10.4% 20日涨幅28.0%",板块[半导体]轮动延续/资金承接/概念热度,收盘488.15 MA20上方 量比0.80,"次日开盘[-2%,+3%]为观察区间; 收盘站上max(开盘,昨收)视为买点触发",昨收488.15,板块退潮补跌/概念退潮/资金承接不足/持续阴跌,1
2026-04-28,2026-04-29,defensive,lu,002210.SZ,飞马国际,环境治理,生物质能发电,0.11807925540610054,2.0,89.0,"{'theme': 0.4, 'concept': 0.6, 'ladder': 0.9, 'seal': 1.0, 'time': 1.0, 'liq': 1.0, 'struct': 1.0}",涨停组: 一季度扭亏方向/生物质能发电 2板 封单比46.3% 涨停时间09:42 题材内涨停3家 概念内涨停2家 驱动概念[生物质能发电] 成交4.9亿,一季度扭亏+固废处理+黄金供应链,2连板 换手承接量比2.14,"次日竞价与开盘承接: 高开幅度观察区间[-2%,+5%]; 开盘涨幅≤+3%且不破昨收-3%视为买点触发",昨收3.01,高位情绪兑现/次日低开大幅回撤/炸板断板/概念退潮,1
2026-04-28,2026-04-29,defensive,lu,601828.SH,美凯龙,零售,DeepSeek概念,-1.4544902707989138,7.0,84.0,"{'theme': 0.4, 'concept': 1.0, 'ladder': 0.55, 'seal': 1.0, 'time': 1.0, 'liq': 0.6, 'struct': 1.0}",涨停组: 一季度扭亏方向/DeepSeek概念 1板 封单比22.4% 涨停时间09:33 题材内涨停3家 概念内涨停7家 驱动概念[DeepSeek概念] 成交1.8亿,一季度扭亏+REITs+厦门国资,1连板 换手承接量比2.39,"次日竞价与开盘承接: 高开幅度观察区间[-2%,+5%]; 开盘涨幅≤+3%且不破昨收-3%视为买点触发",昨收2.7,高位情绪兑现/次日低开大幅回撤/炸板断板/概念退潮,1
2026-04-28,2026-04-29,defensive,nlu,600188.SH,兖矿能源,煤炭开采加工,煤炭概念,1.35881393040016,4.0,89.66796875,"{'sector': 0.9867187500000001, 'trend': 1.0, 'pos': 0.6, 'mom': 1.0, 'liq': 1.0, 'recog': 1.0}","非涨停组: 趋势结构多头(MA20>MA60且上行), 处于活跃板块[煤炭开采加工](当日涨幅分位98%, 板块涨停2家) 驱动概念[煤炭概念] 距60日高点6.0% 20日涨幅6.5%",板块[煤炭开采加工]轮动延续/资金承接/概念热度,收盘21.15 MA20上方 量比0.84,"次日开盘[-2%,+3%]为观察区间; 收盘站上max(开盘,昨收)视为买点触发",昨收21.15,板块退潮补跌/概念退潮/资金承接不足/持续阴跌,1
2026-04-29,2026-04-30,normal,lu,600156.SH,华升股份,纺织制造,柔性屏(折叠屏),2.0855552125560894,4.0,89.0,"{'theme': 0.4, 'concept': 1.0, 'ladder': 0.9, 'seal': 1.0, 'time': 1.0, 'liq': 1.0, 'struct': 0.6}",涨停组: 算力租赁方向/柔性屏(折叠屏) 2板 封单比25.0% 涨停时间09:33 题材内涨停3家 概念内涨停4家 驱动概念[柔性屏(折叠屏)] 成交3.5亿,算力租赁+液冷+拟收购易信科技+湖南国资,2连板 换手承接量比0.61,"次日竞价与开盘承接: 高开幅度观察区间[-2%,+5%]; 开盘涨幅≤+3%且不破昨收-3%视为买点触发",昨收11.17,高位情绪兑现/次日低开大幅回撤/炸板断板/概念退潮,1
2026-04-29,2026-04-30,normal,lu,000551.SZ,创元科技,环保设备,污水处理,1.5885734478947144,3.0,88.0,"{'theme': 1.0, 'concept': 0.8, 'ladder': 0.55, 'seal': 1.0, 'time': 1.0, 'liq': 1.0, 'struct': 1.0}",涨停组: 一季报增长方向/污水处理 1板 封单比41.3% 涨停时间09:30 题材内涨停9家 概念内涨停3家 驱动概念[污水处理] 成交3.4亿,一季报增长+商业航天+洁净环保+苏州国资,1连板 换手承接量比1.11,"次日竞价与开盘承接: 高开幅度观察区间[-2%,+5%]; 开盘涨幅≤+3%且不破昨收-3%视为买点触发",昨收15.76,高位情绪兑现/次日低开大幅回撤/炸板断板/概念退潮,1
2026-04-29,2026-04-30,normal,nlu,600989.SH,宝丰能源,化学原料,煤炭概念,1.7261185553020253,4.0,92.34375,"{'sector': 0.84375, 'trend': 1.0, 'pos': 0.85, 'mom': 1.0, 'liq': 1.0, 'recog': 1.0}","非涨停组: 趋势结构多头(MA20>MA60且上行), 处于活跃板块[化学原料](当日涨幅分位78%, 板块涨停4家) 驱动概念[煤炭概念] 距60日高点13.5% 20日涨幅8.6%",板块[化学原料]轮动延续/资金承接/概念热度,收盘30.60 MA20上方 量比0.85,"次日开盘[-2%,+3%]为观察区间; 收盘站上max(开盘,昨收)视为买点触发",昨收30.60,板块退潮补跌/概念退潮/资金承接不足/持续阴跌,1
2026-04-29,2026-04-30,normal,nlu,605376.SH,博迁新材,能源金属,小金属概念,3.7275377979336666,12.0,89.72265625,"{'sector': 0.9889062499999999, 'trend': 1.0, 'pos': 0.6, 'mom': 1.0, 'liq': 1.0, 'recog': 1.0}","非涨停组: 趋势结构多头(MA20>MA60且上行), 处于活跃板块[能源金属](当日涨幅分位98%, 板块涨停3家) 驱动概念[小金属概念] 距60日高点5.8% 20日涨幅29.7%",板块[能源金属]轮动延续/资金承接/概念热度,收盘119.57 MA20上方 量比0.97,"次日开盘[-2%,+3%]为观察区间; 收盘站上max(开盘,昨收)视为买点触发",昨收119.57,板块退潮补跌/概念退潮/资金承接不足/持续阴跌,1
2026-04-30,2026-05-06,normal,lu,002645.SZ,华宏科技,环境治理,高端装备,1.0230094144634494,9.0,89.0,"{'theme': 1.0, 'concept': 1.0, 'ladder': 0.9, 'seal': 0.4, 'time': 1.0, 'liq': 1.0, 'struct': 1.0}",涨停组: 一季报大增方向/高端装备 2板 封单比4.4% 涨停时间09:31 题材内涨停8家 概念内涨停9家 驱动概念[高端装备] 成交11.7亿,一季报大增+稀土回收+汽车拆解,2连板 换手承接量比1.46,"次日竞价与开盘承接: 高开幅度观察区间[-2%,+5%]; 开盘涨幅≤+3%且不破昨收-3%视为买点触发",昨收25.77,高位情绪兑现/次日低开大幅回撤/炸板断板/概念退潮,1
2026-04-30,2026-05-06,normal,lu,601086.SH,国芳集团,零售,家用电器,1.0794598384268106,4.0,87.0,"{'theme': 1.0, 'concept': 1.0, 'ladder': 0.55, 'seal': 1.0, 'time': 1.0, 'liq': 0.6, 'struct': 1.0}",涨停组: 一季报增长方向/家用电器 1板 封单比25.8% 涨停时间09:44 题材内涨停14家 概念内涨停4家 驱动概念[家用电器] 成交2.2亿,一季报增长+百货零售+IP经济+参股券商,1连板 换手承接量比2.13,"次日竞价与开盘承接: 高开幅度观察区间[-2%,+5%]; 开盘涨幅≤+3%且不破昨收-3%视为买点触发",昨收8.93,高位情绪兑现/次日低开大幅回撤/炸板断板/概念退潮,1
2026-04-30,2026-05-06,normal,nlu,002213.SZ,大为股份,半导体,汽车芯片,2.4172523279943903,4.0,89.37890625,"{'sector': 0.97515625, 'trend': 1.0, 'pos': 0.6, 'mom': 1.0, 'liq': 1.0, 'recog': 1.0}","非涨停组: 趋势结构多头(MA20>MA60且上行), 处于活跃板块[半导体](当日涨幅分位97%, 板块涨停4家) 驱动概念[汽车芯片] 距60日高点5.4% 20日涨幅27.3%",板块[半导体]轮动延续/资金承接/概念热度,收盘37.30 MA20上方 量比1.02,"次日开盘[-2%,+3%]为观察区间; 收盘站上max(开盘,昨收)视为买点触发",昨收37.30,板块退潮补跌/概念退潮/资金承接不足/持续阴跌,1
2026-04-30,2026-05-06,normal,nlu,603308.SH,应流股份,通用设备,航空发动机,1.5093197493240673,3.0,86.8359375,"{'sector': 0.7834375, 'trend': 0.8, 'pos': 0.85, 'mom': 1.0, 'liq': 1.0, 'recog': 1.0}","非涨停组: 趋势结构多头(MA20>MA60且上行), 处于活跃板块[通用设备](当日涨幅分位81%, 板块涨停4家) 驱动概念[航空发动机] 距60日高点10.7% 20日涨幅17.8%",板块[通用设备]轮动延续/资金承接/概念热度,收盘75.36 MA20上方 量比1.01,"次日开盘[-2%,+3%]为观察区间; 收盘站上max(开盘,昨收)视为买点触发",昨收75.36,板块退潮补跌/概念退潮/资金承接不足/持续阴跌,1
